i,t,Sg,Pop,Sg_pc,Ve,V,Mi_c,Mi_e,Pg,Pe,Pd,l1_Pg,l1_Pe,l1_Pd,l2_Pg,l2_Pe,l2_Pd,gdp_pc,l1_gdp_pc
11,2006,180781.71,1562417,0.11570644072613137,0,222032.0,0.14210802877848872,0.0,2.73,2.14,2.08,2.6507,1.8668,1.9597,2.6162,1.755,1.7659,11.25619621387888,11.518912428052179
11,2007,192110.87,1527991,0.12572774970533204,0,252790.0,0.16543945612245098,0.0,2.5656,1.8189,1.9816,2.73,2.14,2.08,2.6507,1.8668,1.9597,11.95963408253059,11.509800986982253
11,2008,211211.34,1493565,0.14141422703397574,0,295349.0,0.19774767084124226,0.0,2.4498,1.6814,2.0068,2.5656,1.8189,1.9816,2.73,2.14,2.08,13.465917162025088,12.235298257123057
11,2009,233616.64,1503928,0.15533764914277812,1,343361.0,0.2283094669425664,0.0006649254485587076,2.3225,1.6119,1.9672,2.4498,1.6814,2.0068,2.5656,1.8189,1.9816,14.220437633384046,13.373128611276604
11,2010,286145.9,1540192,0.18578586306122874,1,394280.0,0.25599405788369245,0.0006492697014398205,2.2666,1.6856,1.8247,2.3225,1.6119,1.9672,2.4498,1.6814,2.0068,15.522666654546965,13.885615773293202
11,2011,325210.12,1576455,0.20629204132055784,8,446685.0,0.2833477644461783,0.005074677044381222,2.2742,1.8209,1.7134,2.2666,1.6856,1.8247,2.3225,1.6119,1.9672,16.14828595843205,15.165600667320032
11,2012,365370.29,1590011,0.2297910454707546,12,492911.0,0.3100047735518811,0.007547117598557494,2.1415,1.7495,1.6261,2.2742,1.8209,1.7134,2.2666,1.6856,1.8247,16.197644213907953,16.0106100779177
11,2013,378462.95,1728214,0.21899079049238115,25,531964.0,0.30781141687314184,0.014465801110279166,2.0974,1.6793,1.7067,2.1415,1.7495,1.6261,2.2742,1.8209,1.7134,14.326393706682158,14.902339915195688
11,2014,406947.37,1748531,0.2327367201382189,50,569724.0,0.32583008250926065,0.02859543239439278,2.0612,1.6941,1.7778,2.0974,1.6793,1.7067,2.1415,1.7495,1.6261,14.357186401728079,14.15992863346432
11,2015,416855.03,1768204,0.2357505299162314,77,601181.0,0.3399952720387467,0.04354701154391688,2.0895,1.6122,1.8101,2.0612,1.6941,1.7778,2.0974,1.6793,1.7067,14.180968015285568,14.197448651965496
11,2016,431573.74,1787279,0.24146970898220144,113,625604.0,0.3500315283735779,0.06322460007642904,2.1246,1.8563,1.807,2.0895,1.6122,1.8101,2.0612,1.6941,1.7778,14.006220963319102,14.029619532540808
11,2017,436154.44,1805788,0.24153136470061823,225,648227.0,0.3589718172897372,0.12459934388754383,2.101,1.835,1.7659,2.1246,1.8563,1.807,2.0895,1.6122,1.8101,14.746096377647875,13.862659734752917
11,2018,427769.57,1757589,0.2433843008803537,354,676112.0,0.38468151541685797,0.20141227556613064,2.3019,1.9122,1.902,2.101,1.835,1.7659,2.1246,1.8563,1.807,14.964705443877948,15.150483921781486
11,2019,440066.88,1777225,0.24761461266862667,738,704059.0,0.39615636737047927,0.4152541180773397,2.2166,1.8578,1.8873,2.3019,1.9122,1.902,2.101,1.835,1.7659,14.887910837344737,14.799365120567176
11,2020,430076.78,1796460,0.2394023691036817,1433,727072.0,0.40472484775614265,0.797679881544816,2.0596,1.7257,1.7116,2.2166,1.8578,1.8873,2.3019,1.9122,1.902,15.157209895071418,14.728503466762412
11,2021,439880.44,1815278,0.24232125327360327,2489,749237.0,0.41273953631344623,1.3711398474503629,2.5037,2.1362,2.0636,2.0596,1.7257,1.7116,2.2166,1.8578,1.8873,14.958353031932297,15.000083341559806
11,2022,461219.1,1815278,0.2540762902431473,4185,770304.0,0.42434492127376633,2.3054320054559136,2.508,2.2132,2.8069,2.5037,2.1362,2.0636,2.0596,1.7257,1.7116,15.820872182222226,14.958353031932297
11,2023,478218.96,1815278,0.2634411698924352,7568,790667.0,0.4355624868477445,4.169058403175712,2.3355,1.8761,2.4281,2.508,2.2132,2.8069,2.5037,2.1362,2.0636,17.220572775023992,15.820872182222226
12,2006,54125.47,686652,0.0788251836446992,0,58688.0,0.08546978673330886,0.0,2.94,2.26,2.29,2.7435,2.0112,2.1556,2.6925,2.0167,1.9404,9.146161850107479,9.009036619859842
12,2007,59986.73,683364,0.08778151907329038,0,68508.0,0.10025111068186209,0.0,2.7953,1.9816,2.1731,2.94,2.26,2.29,2.7435,2.0112,2.1556,10.109169118215181,9.19016852907089
12,2008,69961.95,680075,0.10287387420505091,0,80705.0,0.11867073484542146,0.0,2.6848,1.8983,2.1876,2.7953,1.9816,2.1731,2.94,2.26,2.29,10.967194877623792,10.158059398301658
12,2009,75724.2,691132,0.10956546651001545,0,95982.0,0.13887650984182473,0.0,2.5739,1.8286,2.1319,2.6848,1.8983,2.1876,2.7953,1.9816,2.1731,11.62123418710174,10.79173740530029
12,2010,94983.8,718759,0.1321497191687339,1,112888.0,0.15705959855807022,0.0013912869264941377,2.4466,1.972,1.9802,2.5739,1.8286,2.1319,2.6848,1.8983,2.1876,11.606610838959929,11.174547833418433
12,2011,106948.78,746386,0.14328883446366894,5,127609.0,0.17096917680663892,0.006698946657627555,2.3895,1.9131,1.9285,2.4466,1.972,1.9802,2.5739,1.8286,2.1319,11.069527355148676,11.176999568587835
12,2012,118891.75,758786,0.15668679970373728,8,141181.0,0.18606168274058826,0.010543157095676515,2.2721,1.8293,1.8874,2.3895,1.9131,1.9285,2.4466,1.972,1.9802,11.426987779953768,10.888630318034334
12,2013,125329.99,776463,0.1614114130357789,20,153489.0,0.19767715911769138,0.025757827481798876,2.2276,1.8095,1.9329,2.2721,1.8293,1.8874,2.3895,1.9131,1.9285,11.756188050686253,11.166840338303306
12,2014,138151.75,790101,0.1748532782517678,44,166165.0,0.21030855548847552,0.05568908278814987,2.1965,1.8358,1.9775,2.2276,1.8095,1.9329,2.2721,1.8293,1.8874,12.565756238885914,11.55326349719846
12,2015,140258.84,803513,0.1745570264575682,63,177673.0,0.22112025567725724,0.07840570096563465,2.235,1.781,1.9731,2.1965,1.8358,1.9775,2.2276,1.8095,1.9329,11.626955364256707,12.356012373290786
12,2016,136817.74,816687,0.16752775543139536,86,186035.0,0.22779228762059395,0.10530350060671959,2.2396,1.8344,1.9658,2.235,1.781,1.9731,2.1965,1.8358,1.9775,10.68398450899794,11.439400634025029
12,2017,136592.56,829619,0.16464492737027478,161,194634.0,0.23460648803848513,0.19406498645763898,2.3244,1.9414,2.0318,2.2396,1.8344,1.9658,2.235,1.781,1.9731,10.527570934730281,10.517443858807477
12,2018,133872.32,869265,0.1540063386884322,244,204417.0,0.2351607392452244,0.28069691060838753,2.5531,2.0148,2.2455,2.3244,1.9414,2.0318,2.2396,1.8344,1.9658,10.328226443949774,10.047422674673431
12,2019,138001.4,881935,0.15647570399179078,493,214462.0,0.2431721158588785,0.5589981121057674,2.3837,1.9414,2.2657,2.5531,2.0148,2.2455,2.3244,1.9414,2.0318,9.957676968937621,10.179849716589091
12,2020,136417.72,894470,0.15251234809440228,919,223310.0,0.2496562210023813,1.0274240611758918,2.2665,1.8574,2.116,2.3837,1.9414,2.2657,2.5531,2.0148,2.2455,9.720609449394614,9.818131225865598
12,2021,138568.1,906876,0.1527971850616843,1831,231718.0,0.25551233024140013,2.0190191382283795,2.7002,2.2644,2.5037,2.2665,1.8574,2.116,2.3837,1.9414,2.2657,11.002059298735439,9.587632194699165
12,2022,149349.85,906876,0.16468607615594635,2969,239492.0,0.2640846157578324,3.273876472637935,2.6292,2.1768,3.0936,2.7002,2.2644,2.5037,2.2665,1.8574,2.116,11.225083537771427,11.002059298735439
12,2023,155529.5,906876,0.17150029331463176,5209,247107.0,0.2724815741071547,5.743894424375549,2.4165,1.7873,2.7254,2.6292,2.1768,3.0936,2.7002,2.2644,2.5037,11.853391970677357,11.225083537771427
13,2006,332061.53,3311026,0.10028961717606567,0,245586.0,0.07417217502973399,0.0,2.56,2.05,1.99,2.6507,1.8875,1.8978,2.311,1.6896,1.7114,16.247739433698197,14.76249970247893
13,2007,354301.33,3326060,0.10652283181902912,0,275584.0,0.08285599177405098,0.0,2.3645,1.6944,1.8955,2.56,2.05,1.99,2.6507,1.8875,1.8978,16.545409851776576,16.174298631473878
13,2008,388553.26,3341094,0.11629521947002988,0,309201.0,0.09254483711023993,0.0,2.2057,1.6091,1.9255,2.3645,1.6944,1.8955,2.56,2.05,1.99,16.75603474610412,16.470960078225875
13,2009,403312.31,3393369,0.11885306608270424,1,344538.0,0.10153272455780671,0.00029469238388162326,2.2272,1.5686,1.8806,2.2057,1.6091,1.9255,2.3645,1.6944,1.8955,16.154643478295466,16.497907287418492
13,2010,468688.2,3465878,0.13522928389285485,2,385963.0,0.11136081535472397,0.0005770543567892465,2.1357,1.6611,1.7429,2.2272,1.5686,1.8806,2.2057,1.6091,1.9255,17.56470452797242,15.81667513550679
13,2011,521355.1,3538387,0.14734258858626825,9,427610.0,0.12084885005512398,0.0025435318409207357,2.1359,1.7595,1.6596,2.1357,1.6611,1.7429,2.2272,1.5686,1.8806,18.4553524013908,17.204766748238676
13,2012,569396.75,3590985,0.15856283164647025,13,467196.0,0.13010246492257696,0.003620176636772362,2.0979,1.6914,1.5825,2.1359,1.7595,1.6596,2.1357,1.6611,1.7429,17.206097604918984,18.185032523806143
13,2013,590749.21,3807921,0.1551369395531052,30,509655.0,0.13384074932226797,0.007878314702432115,2.0494,1.6656,1.6244,2.0979,1.6914,1.5825,2.1359,1.7595,1.6596,17.351349137180105,16.225871914832265
13,2014,627353.97,3873743,0.16195033330812084,58,550827.0,0.14219502945858825,0.014972598853357076,2.0354,1.6361,1.6747,2.0494,1.6656,1.6244,2.0979,1.6914,1.5825,16.504386724158007,17.05651788407233
13,2015,617203.43,3938336,0.15671680374655694,82,580127.0,0.14730256636305283,0.020820976168615373,2.1011,1.6239,1.7403,2.0354,1.6361,1.6747,2.0494,1.6656,1.6244,15.074329714453008,16.233696805452862
13,2016,634172.72,4001667,0.15847713465413288,114,599668.0,0.14985454811707222,0.028488127572834022,2.0425,1.8015,1.7358,2.1011,1.6239,1.7403,2.0354,1.6361,1.6747,14.115473019419156,14.835761044159845
13,2017,644424.52,4063614,0.1585840879571731,215,621934.0,0.15304947763247198,0.05290856857959442,2.0265,1.7446,1.7074,2.0425,1.8015,1.7358,2.1011,1.6239,1.7403,14.040549409761852,13.900292343514911
13,2018,614179.33,4080611,0.15051160965845556,340,650030.0,0.15929722289137582,0.08332085562676766,2.307,1.8046,1.82,2.0265,1.7446,1.7074,2.0425,1.8015,1.7358,14.366564384573781,13.98206620263485
13,2019,647740.53,4144597,0.15628552788123912,727,684089.0,0.16505561336844088,0.17540909285028194,2.0741,1.6514,1.8185,2.307,1.8046,1.82,2.0265,1.7446,1.7074,14.665747716171198,14.144767430922718
13,2020,625946.68,4207714,0.1487616981572417,1376,714807.0,0.16988012968562027,0.3270184237807037,2.0079,1.5894,1.6411,2.0741,1.6514,1.8185,2.307,1.8046,1.82,14.550607855975953,14.445757004207035
13,2021,608234.64,4269995,0.14244387639798173,2393,743737.0,0.17417748732726854,0.5604222018995338,2.4097,1.9098,1.9483,2.0079,1.5894,1.6411,2.0741,1.6514,1.8185,14.378978183791785,14.338376598590864
13,2022,643995.49,4269995,0.1508187925278601,3866,781585.0,0.18304119794051282,0.9053874770345164,2.504,1.9587,2.6655,2.4097,1.9098,1.9483,2.0079,1.5894,1.6411,14.614629411884557,14.378978183791785
13,2023,619234.77,4269995,0.14502002227168884,6808,821127.0,0.1923016303297779,1.5943812580576793,2.4011,1.7333,2.2892,2.504,1.9587,2.6655,2.4097,1.9098,1.9483,15.492296938427328,14.614629411884557
14,2006,48344.95,403344,0.11986034253639573,0,51110.0,0.1267156571065889,0.0,2.86,2.23,2.25,2.6404,2.1041,2.135,2.2783,1.7659,1.8313,12.700166704847476,11.388583482337658
14,2007,52591.94,408064,0.12888159700439147,0,59608.0,0.14607512547051443,0.0,2.5273,1.972,2.1061,2.86,2.23,2.25,2.6404,2.1041,2.135,13.037149720141938,12.553266250882215
14,2008,62254.19,412783,0.15081577971961055,0,69169.0,0.16756746280733462,0.0,2.4317,1.9345,2.1695,2.5273,1.972,2.1061,2.86,2.23,2.25,13.647957734209015,12.888106979696353
14,2009,74627.01,421499,0.17705145207936435,1,79126.0,0.18772523778229605,0.002372484869477745,2.3399,1.8719,2.1145,2.4317,1.9345,2.1695,2.5273,1.972,2.1061,14.590176120465292,13.365737373991397
14,2010,85768.4,440832,0.19456028600464575,1,90637.0,0.20560440258420443,0.002268437862950058,2.3157,1.8902,1.9556,2.3399,1.8719,2.1145,2.4317,1.9345,2.1695,15.060499237804878,13.95031359928499
14,2011,88273.25,460165,0.1918295611356796,7,100239.0,0.2178327339106625,0.015211934849456174,2.182,1.8824,1.8055,2.3157,1.8902,1.9556,2.3399,1.8719,2.1145,14.65303090913042,14.427759607966708
14,2012,99430.0,469524,0.21176766256889956,10,109304.0,0.232797471481756,0.021298165801961134,2.0834,1.8584,1.735,2.182,1.8824,1.8055,2.3157,1.8902,1.9556,14.046923146207648,14.360952727230131
14,2013,108861.3,488072,0.22304352636496255,26,118354.0,0.242492910882001,0.053270828894097594,2.0631,1.8506,1.7958,2.0834,1.8584,1.735,2.182,1.8824,1.8055,14.687603364872396,13.51310368818535
14,2014,122815.08,496936,0.24714466249174943,50,127489.0,0.2565501392533445,0.10061657839238855,1.9968,1.7778,1.7971,2.0631,1.8506,1.7958,2.0834,1.8584,1.735,14.464733847215738,14.425616074303331
14,2015,123890.24,505665,0.24500457812978949,76,135649.0,0.26825862972521336,0.1502971334776977,2.072,1.7752,1.7985,1.9968,1.7778,1.7971,2.0631,1.8506,1.7958,13.891614359902308,14.215037582391505
14,2016,129943.6,514229,0.25269597786200315,110,142140.0,0.2764138156346686,0.21391247868167684,2.1246,2.0151,1.7796,2.072,1.7752,1.7985,1.9968,1.7778,1.7971,13.586597638211769,13.66026259759757
14,2017,137423.77,522636,0.26294355918842177,217,147813.0,0.28282207884646293,0.41520293282514026,1.9999,1.9467,1.734,2.1246,2.0151,1.7796,2.072,1.7752,1.7985,14.172564025057593,13.368046818244439
14,2018,140968.56,576568,0.24449598312774903,321,153347.0,0.2659651593567454,0.5567426565470162,2.184,1.9276,1.8456,1.9999,1.9467,1.734,2.1246,2.0151,1.7796,13.579521256816195,12.84686658260604
14,2019,153676.13,605761,0.2536910266590289,657,159457.0,0.2632341798167924,1.0845861651707522,2.02,1.8627,1.8037,2.184,1.9276,1.8456,1.9999,1.9467,1.734,13.256648996386364,12.925093249647963
14,2020,156555.17,631181,0.24803530207658345,1267,165407.0,0.2620595360126493,2.007348129934203,1.8762,1.7399,1.6787,2.02,1.8627,1.8037,2.184,1.9276,1.8456,13.397452031033886,12.722754570717433
14,2021,167862.0,652713,0.257175818468454,2166,171158.0,0.2622255110592251,3.3184569634739924,2.3499,2.1021,2.0551,1.8762,1.7399,1.6787,2.02,1.8627,1.8037,13.017806695898505,12.955490652706471
14,2022,185867.56,652713,0.2847615414431764,3675,177512.0,0.27196026431218623,5.630345956032743,2.4999,2.2899,2.8069,2.3499,2.1021,2.0551,1.8762,1.7399,1.6787,13.896037187094482,13.017806695898505
14,2023,183252.1,652713,0.28075448167877765,6916,181957.0,0.2787703018018639,10.595774865829238,2.266,1.9108,2.4976,2.4999,2.2899,2.8069,2.3499,2.1021,2.0551,15.738327712792605,13.896037187094482
15,2006,435939.38,7110465,0.06130954585951833,0,396594.0,0.05577609903149794,0.0,2.66,2.32,1.94,2.5372,2.0834,1.8359,2.5617,2.1039,1.6678,8.712059562475872,8.197668449883375
15,2007,493385.98,7215978,0.06837409703854419,0,455960.0,0.06318755406405063,0.0,2.5177,2.0391,1.8285,2.66,2.32,1.94,2.5372,2.0834,1.8359,9.093848900952857,8.584670656825727
15,2008,559079.29,7321490,0.07636140867501015,0,532238.0,0.0726953120198211,0.0,2.4859,1.9435,1.8893,2.5177,2.0391,1.8285,2.66,2.32,1.94,9.687261413154973,8.96279495083651
15,2009,585376.66,7431020,0.0787747388649203,0,618127.0,0.08318198578391661,0.0,2.3919,1.8199,1.8459,2.4859,1.9435,1.8893,2.5177,2.0391,1.8285,8.997332219708735,9.544475396890334
15,2010,674940.64,7559806,0.08928015348542014,1,710700.0,0.09401034894281679,0.00013227852672409847,2.2666,1.7429,1.6938,2.3919,1.8199,1.8459,2.4859,1.9435,1.8893,10.9373862239322,8.844057065922062
15,2011,768592.56,7688593,0.0999653070464258,6,814615.0,0.1059511148528736,0.0007803768517854957,2.1667,1.7979,1.6212,2.2666,1.7429,1.6938,2.3919,1.8199,1.8459,11.852624100066162,10.754180641373525
15,2012,909505.43,7777543,0.11693994234425963,9,929962.0,0.11957015216759329,0.001157177787380925,2.0616,1.6987,1.6043,2.1667,1.7979,1.6212,2.2666,1.7429,1.6938,11.775287325675986,11.717068319313695
15,2013,996173.28,7969654,0.12499580031956219,21,1049456.0,0.13168150085311106,0.002634995195525427,2.0425,1.7341,1.6998,2.0616,1.6987,1.6043,2.1667,1.7979,1.6212,12.101167478061157,11.491440345189389
15,2014,1098714.35,8073924,0.13608182960354842,40,1163274.0,0.1440778981818506,0.004954220525236552,2.0097,1.7327,1.7327,2.0425,1.7341,1.6998,2.0616,1.6987,1.6043,11.3827999098208,11.944887987080385
15,2015,1131966.26,8175113,0.13846490684593596,60,1263069.0,0.15450171759093728,0.007339348092191509,2.0604,1.7112,1.7694,2.0097,1.7327,1.7327,2.0425,1.7341,1.6998,10.980868942704523,11.241907161295506
15,2016,1154585.46,8272724,0.13956533059727363,85,1340306.0,0.16201507508288684,0.010274729339453365,2.1794,1.9384,1.7961,2.0604,1.7112,1.7694,2.0097,1.7327,1.7327,10.590612222443296,10.851304170766486
15,2017,1154058.16,8366628,0.137935875719585,173,1406011.0,0.16804990015093296,0.020677386397482952,2.1382,1.9148,1.7925,2.1794,1.9384,1.7961,2.0604,1.7112,1.7694,11.353383793255778,10.471747029663563
15,2018,1136547.74,8513497,0.1334995172958891,263,1474349.0,0.17317783749732923,0.03089212341297589,2.3019,1.8917,1.9071,2.1382,1.9148,1.7925,2.1794,1.9384,1.7961,11.098489817897393,11.15752301779163
15,2019,1176565.93,8602865,0.13676443022179238,577,1547891.0,0.17992738465615815,0.06707067936088733,2.2313,1.848,1.9315,2.3019,1.8917,1.9071,2.1382,1.9148,1.7925,11.650132641439798,10.983196850026125
15,2020,1208775.16,8690745,0.13908763402907345,1240,1620618.0,0.1864763032398258,0.14268051818342387,2.0596,1.8057,1.7822,2.2313,1.848,1.9315,2.3019,1.8917,1.9071,13.111879817184832,11.532327590603566
15,2021,1244976.24,8777124,0.14184330083521662,2327,1696558.0,0.19329315616368187,0.2651210123042582,2.4951,2.2302,2.1106,2.0596,1.8057,1.7822,2.2313,1.848,1.9315,13.982142433204773,12.982840844199078
15,2022,1301558.19,8777124,0.1482898259156416,3060,1773305.0,0.20203713653811886,0.3486335615174173,2.4959,2.2132,2.823,2.4951,2.2302,2.1106,2.0596,1.8057,1.7822,11.567711120533332,13.982142433204773
15,2023,1384124.36,8777124,0.15769679908817513,5211,1865832.0,0.21257897233763587,0.5937024474076018,2.1347,1.7564,2.3895,2.4959,2.2132,2.823,2.4951,2.2302,2.1106,11.857498044667022,11.567711120533332
16,2006,64644.76,615715,0.10499136775943416,0,48114.0,0.0781432968175211,0.0,2.58,2.19,2.0,2.5372,2.0834,1.8875,2.5072,2.0385,1.7441,11.55428503755796,10.060592328756
16,2007,72340.09,614440,0.11773336696829632,0,55810.0,0.0908306750862574,0.0,2.3358,1.9146,1.905,2.58,2.19,2.0,2.5372,2.0834,1.8875,12.3850456363518,11.578260874780288
16,2008,82509.63,613166,0.13456328302612997,0,64816.0,0.10570710052416475,0.0,2.3594,1.9345,1.9526,2.3358,1.9146,1.905,2.58,2.19,2.0,13.188931448416906,12.410778550669802
16,2009,86003.95,626609,0.1372529759387433,0,75172.0,0.11996635860640367,0.0,2.3485,1.7506,1.9412,2.3594,1.9345,1.9526,2.3358,1.9146,1.905,12.961223503811786,12.905981785291944
16,2010,99396.5,655459,0.15164411503999486,1,87498.0,0.1334911870917937,0.0015256484387276702,2.332,1.7838,1.8329,2.3485,1.7506,1.9412,2.3594,1.9345,1.9526,12.567979080308609,12.39073580269704
16,2011,109515.6,684309,0.16003822834421294,6,98747.0,0.14430177010677925,0.008767968856174624,2.1513,1.7518,1.721,2.332,1.7838,1.8329,2.3485,1.7506,1.9412,12.69400699903114,12.038121667258505
16,2012,127984.5,698602,0.18320087832557022,10,106624.0,0.15262481355621657,0.014314301991691978,1.9673,1.6551,1.5898,2.1513,1.7518,1.721,2.332,1.7838,1.8329,13.627029816118478,12.434294828099548
16,2013,137899.8,734996,0.18761979657032146,24,114688.0,0.15603894442962954,0.032653238929191454,1.9534,1.6587,1.6039,1.9673,1.6551,1.5898,2.1513,1.7518,1.721,13.815271517259957,12.952274956054184
16,2014,154417.4,750912,0.2056398086593369,46,123186.0,0.16404851700332396,0.06125884258075513,1.9066,1.8036,1.6683,1.9534,1.6587,1.6039,1.9673,1.6551,1.5898,13.164159997709453,13.522449107352125
16,2015,153753.22,766679,0.2005444521109878,67,129993.0,0.16955335935900162,0.08738989851032831,1.944,1.6588,1.7403,1.9066,1.8036,1.6683,1.9534,1.6587,1.6039,12.398885355800797,12.89343481717903
16,2016,151537.69,782295,0.1937091378572022,94,133730.0,0.1709457429741977,0.12015927495382177,1.9987,2.0042,1.933,1.944,1.6588,1.7403,1.9066,1.8036,1.6683,11.630423946465207,12.151381544941485
16,2017,154728.34,797722,0.19396273388473678,181,138573.0,0.17371089176429885,0.22689608660661234,1.968,1.9893,1.9042,1.9987,2.0042,1.933,1.944,1.6588,1.7403,11.87589388872314,11.405505302849864
16,2018,158010.2,829494,0.19048986490559305,281,144725.0,0.17447383585655835,0.3387607384742988,2.0866,1.9686,1.9943,1.968,1.9893,1.9042,1.9987,2.0042,1.933,11.85703464111856,11.421013081107278
16,2019,170073.11,845731,0.20109598678539628,576,152415.0,0.18021687747049595,0.6810676207919539,1.9414,1.8234,2.0446,2.0866,1.9686,1.9943,1.968,1.9893,1.9042,11.62406657920781,11.629394089373571
16,2020,173347.57,861773,0.20115224078730712,1069,159196.0,0.18473078177199798,1.240465876744804,1.6599,1.7822,1.7304,1.9414,1.8234,2.0446,2.0866,1.9686,1.9943,11.309695535715322,11.407683290263213
16,2021,190356.68,877613,0.2169027578214999,1779,164234.0,0.1871371549874489,2.0270893890587307,2.1491,2.2687,2.0123,1.6599,1.7822,1.7304,1.9414,1.8234,2.0446,10.690965410038364,11.10556731828266
16,2022,195870.69,877613,0.22318572081316024,3060,168243.0,0.19170522770287132,3.48673048370979,2.2172,2.3505,2.6574,2.1491,2.2687,2.0123,1.6599,1.7822,1.7304,11.569072293026654,10.690965410038364
16,2023,199283.31,877613,0.2270742457096693,5737,171753.0,0.1957047126694796,6.537049929752635,2.0189,2.0614,2.3046,2.2172,2.3505,2.6574,2.1491,2.2687,2.0123,13.054044538310167,11.569072293026654
17,2006,133259.67,1332441,0.10001168532040068,0,161458.0,0.12117459609843888,0.0,2.75,2.02,1.88,2.5785,1.6812,1.8153,2.4091,1.5043,1.6787,8.751270839684459,8.320404491906208
17,2007,157048.59,1306477,0.12020769596403151,0,181357.0,0.13881377169288092,0.0,2.6134,1.6657,1.7806,2.75,2.02,1.88,2.5785,1.6812,1.8153,9.874473528198353,8.925187407738521
17,2008,174092.44,1280513,0.13595523044279909,0,202996.0,0.15852709031458487,0.0,2.4769,1.5729,1.826,2.6134,1.6657,1.7806,2.75,2.02,1.88,11.009470299950099,10.074690808839895
17,2009,177626.18,1292051,0.1374761367778826,0,226198.0,0.17506894077710555,0.0,2.3745,1.4993,1.7852,2.4769,1.5729,1.826,2.6134,1.6657,1.7806,11.487892125388239,10.911155861649425
17,2010,217260.88,1346472,0.16135566131341758,1,255821.0,0.18999355352357866,0.0007426816153622206,2.3075,1.5465,1.7183,2.3745,1.4993,1.7852,2.4769,1.5729,1.826,12.183555246600003,11.023580518941353
17,2011,249674.17,1400892,0.17822513798351336,6,284758.0,0.20326905999891498,0.0042829854121516865,2.2358,1.6212,1.552,2.3075,1.5465,1.7183,2.3745,1.4993,1.7852,12.090001120857282,11.710264602838762
17,2012,296202.18,1417694,0.20893237891956937,9,314290.0,0.22169099960922456,0.00634833751147991,2.1124,1.5753,1.4881,2.2358,1.6212,1.552,2.3075,1.5465,1.7183,12.478519283851098,11.946714770747425
17,2013,312274.29,1478164,0.2112582162737017,22,342815.0,0.2319194622518205,0.014883328236920937,2.0837,1.5422,1.5559,2.1124,1.5753,1.4881,2.2358,1.6212,1.552,12.807619168847298,11.968037320351462
17,2014,350345.44,1496880,0.23405045160600715,45,370472.0,0.24749612527390305,0.03006253006253006,2.0097,1.5073,1.591,2.0837,1.5422,1.5559,2.1124,1.5753,1.4881,12.906410681417347,12.64748114818823
17,2015,348183.44,1515126,0.2298049403151949,71,395641.0,0.2611274573863824,0.04686078913568904,2.0487,1.5365,1.653,2.0097,1.5073,1.591,2.0837,1.5422,1.5559,13.0947291388967,12.750984420305636
17,2016,363558.29,1532902,0.2371699495466768,105,412191.0,0.2688958589655438,0.06849752952243522,2.1137,1.7742,1.6592,2.0487,1.5365,1.653,2.0097,1.5073,1.591,13.071223917575944,12.942878658453052
17,2017,379334.98,1550194,0.24470161799103854,206,428001.0,0.276095120997759,0.13288659354893645,2.0637,1.8031,1.6276,2.1137,1.7742,1.6592,2.0487,1.5365,1.653,13.463726441787287,12.925417906210448
17,2018,348974.01,1555229,0.22438754035579328,318,445066.0,0.28617393322783974,0.20447149583759047,2.3839,1.8815,1.7995,2.0637,1.8031,1.6276,2.1137,1.7742,1.6592,13.429698554425103,13.420138093939864
17,2019,365402.2,1572866,0.23231616679361117,697,463035.0,0.29438935039602865,0.44314010220832545,2.2461,1.8087,1.7792,2.3839,1.8815,1.7995,2.0637,1.8031,1.6276,14.0589775518067,13.279107472028768
17,2020,352986.1,1590248,0.22196921486459972,1370,481035.0,0.30249055493231247,0.8615008476665275,2.1395,1.6975,1.6082,2.2461,1.8087,1.7792,2.3839,1.8815,1.7995,14.484887991244134,13.905307716783796
17,2021,368813.5,1607363,0.22945252565848537,2502,499547.0,0.310786673576535,1.5565867822016557,2.572,2.1362,1.9653,2.1395,1.6975,1.6082,2.2461,1.8087,1.7792,15.037707559337871,14.330654717260508
17,2022,396133.55,1607363,0.24644933969489155,4118,518125.0,0.3223447348234344,2.561960179498968,2.5726,2.1203,2.6615,2.572,2.1362,1.9653,2.1395,1.6975,1.6082,15.570455105349568,15.037707559337871
17,2023,428409.98,1607363,0.26652970113160496,7190,538257.0,0.3348695969734279,4.473165053569106,2.2235,1.714,2.1772,2.5726,2.1203,2.6615,2.572,2.1362,1.9653,16.360428675352114,15.570455105349568
21,2006,306351.74,6184538,0.04953510512830546,0,311516.0,0.05037013274071564,0.0,2.73,2.07,1.89,2.4238,1.8771,1.774,2.311,1.8095,1.5697,6.471814648725579,5.838848264575301
21,2007,327629.24,6245038,0.052462329292471875,0,366851.0,0.05874279708145891,0.0,2.6134,1.7902,1.7902,2.73,2.07,1.89,2.4238,1.8771,1.774,6.22816421044996,6.4091177065695994
21,2008,371604.66,6305537,0.058933071045336814,0,431493.0,0.0684308093029983,0.0,2.3955,1.6271,1.817,2.6134,1.7902,1.7902,2.73,2.07,1.89,6.999472808564916,6.168407570124479
21,2009,392331.05,6367138,0.06161811633421484,0,512579.0,0.08050383076352358,0.0,2.2532,1.5426,1.7766,2.3955,1.6271,1.817,2.6134,1.7902,1.7902,6.980794575946053,6.931754074577934
21,2010,522287.34,6506450,0.08027224369663949,0,616036.0,0.09468081672801605,0.0,2.1111,1.5629,1.6202,2.2532,1.5426,1.7766,2.3955,1.6271,1.817,7.1174961768706435,6.831326209330741
21,2011,628889.23,6645761,0.09463013039439727,3,730185.0,0.10987229303009843,0.0004514155715199508,2.036,1.6826,1.552,2.1111,1.5629,1.6202,2.2532,1.5426,1.7766,7.243571385398903,6.9682964825247256
21,2012,750762.9,6714314,0.11181528001222463,5,835478.0,0.12443236941257141,0.0007446777139109074,1.9164,1.5898,1.4881,2.036,1.6826,1.552,2.1111,1.5629,1.6202,7.705214227023044,7.169614678997735
21,2013,803208.64,6794301,0.11821799475766528,14,937702.0,0.13801302002958069,0.0020605504525042385,1.9329,1.6107,1.549,1.9164,1.5898,1.4881,2.036,1.6826,1.552,7.926581130788877,7.614503354723319
21,2014,887026.28,6850884,0.12947617854863694,29,1033920.0,0.15091775017647358,0.004233030365132441,1.9259,1.6361,1.5717,1.9329,1.6107,1.549,1.9164,1.5898,1.4881,8.27409300217315,7.861113704961287
21,2015,889941.82,6904241,0.128897849886758,42,1118784.0,0.1620430109551506,0.006083217547012047,1.9265,1.5889,1.6239,1.9259,1.6361,1.5717,1.9329,1.6107,1.549,7.794950312264593,8.210149582423325
21,2016,928346.35,6954036,0.13349748980304388,63,1179388.0,0.16959762647187906,0.009059487181257042,1.9603,1.7632,1.6701,1.9265,1.5889,1.6239,1.9259,1.6361,1.5717,7.782434870239383,7.739133869726875
21,2017,955006.37,7000229,0.13642501838154153,119,1236385.0,0.17662065055300333,0.016999443875336077,1.9095,1.7446,1.6276,1.9603,1.7632,1.6701,1.9265,1.5889,1.6239,7.827293344289166,7.731080262559982
21,2018,943358.35,7035055,0.13409395520006595,193,1292141.0,0.18367176944601002,0.027434042804214038,2.1327,1.8148,1.7584,1.9095,1.7446,1.6276,1.9603,1.7632,1.6701,8.172544199398583,7.788545485458181
21,2019,949378.15,7075181,0.13418429153967934,383,1347875.0,0.1905074937305491,0.05413289073452679,2.1429,1.7939,1.7743,2.1327,1.8148,1.7584,1.9095,1.7446,1.6276,7.7301633601741075,8.126194641903862
21,2020,926654.67,7114598,0.1302469471922377,750,1401570.0,0.19699918393140414,0.10541705940377798,1.9703,1.7022,1.5988,2.1429,1.7939,1.7743,2.1327,1.8148,1.7584,7.93030504933659,7.687335944040689
21,2021,961286.85,7153262,0.13438440392648837,1357,1456263.0,0.20358026869419854,0.18970366246895473,2.4054,2.085,1.9611,1.9703,1.7022,1.5988,2.1429,1.7939,1.7743,8.155789997150949,7.887441064426272
21,2022,1003775.94,7153262,0.14032422410922457,2222,1512953.0,0.211505324424018,0.31062751511128767,2.4474,2.1203,2.6857,2.4054,2.085,1.9611,1.9703,1.7022,1.5988,8.402257420041375,8.155789997150949
21,2023,1077536.98,7153262,0.15063574911697628,3748,1577043.0,0.22046487322846556,0.5239567626629641,2.0421,1.714,2.1579,2.4474,2.1203,2.6857,2.4054,2.085,1.9611,8.529468911679734,8.402257420041375
22,2006,195720.65,3036290,0.06446045996923877,0,252951.0,0.08330923594254831,0.0,2.52,2.12,1.91,2.5063,1.9803,1.7843,2.3764,1.7986,1.5806,5.92788853890768,5.074678045180137
22,2007,213323.77,3074086,0.06939421018149784,0,288900.0,0.09397915347846482,0.0,2.4507,1.838,1.8189,2.52,2.12,1.91,2.5063,1.9803,1.7843,5.655451698033171,5.8550049321326725
22,2008,246146.29,3111881,0.07909887621024068,0,336132.0,0.10801569854374252,0.0,2.3503,1.7266,1.8441,2.4507,1.838,1.8189,2.52,2.12,1.91,6.058409554510599,5.586764046761428
22,2009,279290.04,3145325,0.08879528824525287,0,388961.0,0.1236632144531964,0.0,2.2272,1.6379,1.8026,2.3503,1.7266,1.8441,2.4507,1.838,1.8189,6.531081049462297,5.9939909493931465
22,2010,345390.95,3142826,0.10989820944589361,0,455652.0,0.14498161845421922,0.0,2.062,1.6365,1.6611,2.2272,1.6379,1.8026,2.3503,1.7266,1.8441,7.085708531111808,6.536274200957991
22,2011,373985.9,3140328,0.11909134969340783,4,525565.0,0.1673599063537312,0.0012737522959385135,2.0437,1.7518,1.5674,2.062,1.6365,1.6611,2.2272,1.6379,1.8026,7.626315282161608,7.091344916836713
22,2012,454910.23,3160748,0.1439248652534147,5,595328.0,0.18835035251149412,0.0015819040303118122,1.8729,1.6551,1.5099,2.0437,1.7518,1.5674,2.062,1.6365,1.6611,7.749078032478388,7.577045502330461
22,2013,500001.49,3184166,0.15702745711121843,13,665846.0,0.20911158526282864,0.004082701718440559,1.8643,1.6519,1.5765,1.8729,1.6551,1.5099,2.0437,1.7518,1.5674,7.816206420896398,7.692087313601112
22,2014,569210.19,3194718,0.17817227999466617,30,734309.0,0.2298509602412482,0.009390500194383354,1.8229,1.6425,1.5974,1.8643,1.6519,1.5765,1.8729,1.6551,1.5099,8.710590769451326,7.790389866773844
22,2015,579918.42,3204028,0.180996676683225,45,791932.0,0.24716762774857148,0.014044821081463708,1.8974,1.5889,1.6762,1.8229,1.6425,1.5974,1.8643,1.6519,1.5765,8.379622395528378,8.685280254042723
22,2016,596027.06,3212180,0.18555219819561794,66,837306.0,0.2606659651700714,0.020546793766227298,2.0042,1.692,1.7194,1.8974,1.5889,1.6762,1.8229,1.6425,1.5974,8.17956857461288,8.35835625173558
22,2017,607778.96,3219257,0.18879479333274726,132,878559.0,0.2729073820449874,0.04100325012883407,1.9414,1.6329,1.6755,2.0042,1.692,1.7194,1.8974,1.5889,1.6762,8.623108313098333,8.161587156291032
22,2018,557661.83,3264531,0.17082448596750957,214,918548.0,0.281372117464959,0.06555306106757755,2.266,1.7431,1.8353,1.9414,1.6329,1.6755,2.0042,1.692,1.7194,9.037071227903793,8.503519126851605
22,2019,560883.72,3273227,0.17135497171445793,449,957370.0,0.29248506137826674,0.13717349881325067,2.2313,1.6907,1.8136,2.266,1.7431,1.8353,1.9414,1.6329,1.6755,9.06013943398976,9.013062391548157
22,2020,519740.88,3281480,0.15838611845874423,857,985833.0,0.3004232846154784,0.2611626461230908,2.0643,1.6129,1.6505,2.2313,1.6907,1.8136,2.266,1.7431,1.8353,9.068589114789669,9.037352968508111
22,2021,535982.11,3289290,0.1629476604373588,1512,1017612.0,0.3093713232946928,0.45967366817763106,2.6062,2.0978,2.0337,2.0643,1.6129,1.6505,2.2313,1.6907,1.8136,9.086507097337115,9.047056905411198
22,2022,552387.27,3289290,0.16793510757640706,2518,1047886.0,0.31857513323543984,0.7655147463434359,2.6332,2.0355,2.7503,2.6062,2.0978,2.0337,2.0643,1.6129,1.6505,9.520541774638296,9.086507097337115
22,2023,621774.47,3289290,0.18902999431488254,4420,1089801.0,0.3313180047973879,1.34375503528117,2.1039,1.6445,2.2428,2.6332,2.0355,2.7503,2.6062,2.0978,2.0337,10.058077608693669,9.520541774638296
23,2006,530568.08,8217085,0.06456889273994366,0,843875.0,0.1026976111358225,0.0,2.7,1.92,1.86,2.5166,1.7224,1.7843,2.4309,1.6133,1.7114,7.623588627378201,7.187590947921313
23,2007,552584.76,8333806,0.06630641030040776,0,945695.0,0.11347696358662537,0.0,2.4986,1.6561,1.771,2.7,1.92,1.86,2.5166,1.7224,1.7843,7.717931583672574,7.516814737012116
23,2008,615539.66,8450528,0.07284037873136448,0,1059064.0,0.12532518678122834,0.0,2.3232,1.6452,1.8351,2.4986,1.6561,1.771,2.7,1.92,1.86,8.318444542530361,7.611328492089489
23,2009,665907.71,8547809,0.07790390613547869,0,1199623.0,0.1403427474806702,0.0,2.2012,1.5599,1.7766,2.3232,1.6452,1.8351,2.4986,1.6561,1.771,8.52387293913563,8.223773896106009
23,2010,820165.03,8538982,0.09604950918036834,1,1380603.0,0.16168238790057177,0.00011710997868364168,2.152,1.5629,1.6202,2.2012,1.5599,1.7766,2.3232,1.6452,1.8351,9.291072284729022,8.532684320449441
23,2011,943328.05,8530155,0.11058744536295062,5,1574354.0,0.18456335201411933,0.0005861558201462928,2.0898,1.6365,1.5366,2.152,1.5629,1.6202,2.2012,1.5599,1.7766,9.707609847593625,9.3006866815433
23,2012,1120767.7,8606005,0.13023089110452526,7,1751952.0,0.2035732026648834,0.0008133855371917632,1.9673,1.568,1.5244,2.0898,1.6365,1.5366,2.152,1.5629,1.6202,9.637282901671565,9.622050728473896
23,2013,1216335.29,8778576,0.1385572432248693,17,1926632.0,0.21946976366098556,0.0019365327588438035,1.9466,1.597,1.6244,1.9673,1.568,1.5244,2.0898,1.6365,1.5366,9.881506168745362,9.447831269923505
23,2014,1348677.04,8842791,0.1525171227048112,37,2093865.0,0.2367877969749596,0.004184199309923756,1.9259,1.5846,1.6554,1.9466,1.597,1.6244,1.9673,1.568,1.5244,10.515673447252118,9.809748177560682
23,2015,1331394.41,8904459,0.14951996634495143,55,2239184.0,0.2514677197121128,0.00617668069447004,2.008,1.5598,1.6995,1.9259,1.5846,1.6554,1.9466,1.597,1.6244,10.0606804404737,10.442846950982648
23,2016,1372176.49,8963663,0.15308211497911067,79,2339396.0,0.2609866078187009,0.008813361234129395,2.141,1.7632,1.7413,2.008,1.5598,1.6995,1.9259,1.5846,1.6554,9.796558320142111,9.994230761944085
23,2017,1381639.09,9020460,0.15316725421985133,153,2426700.0,0.26902175720528665,0.016961440990814217,2.0903,1.7393,1.718,2.141,1.7632,1.7413,2.008,1.5598,1.6995,10.034508669114436,9.734874645151134
23,2018,1329769.11,9075649,0.14652055296541328,238,2519818.0,0.27764603941822785,0.026224019902047778,2.307,1.8405,1.8815,2.0903,1.7393,1.718,2.141,1.7632,1.7413,10.059654290167018,9.973488845745356
23,2019,1385259.81,9132078,0.15169163141182107,498,2621751.0,0.2870924886975341,0.054533042753248495,2.2215,1.8185,1.8676,2.307,1.8405,1.8815,2.0903,1.7393,1.718,10.064294721300014,9.997493604292474
23,2020,1278277.44,9187103,0.13913825065420513,906,2704013.0,0.29432705826853145,0.09861650620440415,2.069,1.7069,1.6928,2.2215,1.8185,1.8676,2.307,1.8405,1.8815,9.587674587919608,10.004015891614582
23,2021,1326330.25,9240580,0.14353322518716358,1638,2785717.0,0.30146560064411543,0.17726160046230865,2.5037,2.1362,2.0422,2.069,1.7069,1.6928,2.2215,1.8185,1.8676,9.844777031809691,9.532188885297243
23,2022,1430938.9,9240580,0.15485379705602895,2629,2861850.0,0.30970458564289255,0.2845059509251584,2.5161,2.1324,2.7826,2.5037,2.1362,2.0422,2.069,1.7069,1.6928,9.938710728752957,9.844777031809691
23,2023,1526127.76,9240580,0.1651549751206093,4516,2949580.0,0.31919857844421023,0.4887139118973051,2.2235,1.768,2.32,2.5161,2.1324,2.7826,2.5037,2.1362,2.0422,10.275774119947018,9.938710728752957
24,2006,266639.72,3043760,0.08760208426419953,0,359141.0,0.11799254868977843,0.0,2.62,1.89,1.83,2.4135,1.7018,1.7637,2.2783,1.537,1.5479,10.13115645067285,9.436013177550135
24,2007,272333.34,3075098,0.08856086537729856,0,412819.0,0.13424580289798893,0.0,2.4411,1.5796,1.7423,2.62,1.89,1.83,2.4135,1.7018,1.7637,10.832246559394205,10.027910901798903
24,2008,304051.81,3106436,0.09787802162993219,0,467837.0,0.15060249108624804,0.0,2.3413,1.6362,1.7899,2.4411,1.5796,1.7423,2.62,1.89,1.83,10.824188959791865,10.722969901939072
24,2009,334293.33,3137541,0.10654628258244275,0,521838.0,0.16632069509211195,0.0,2.2445,1.5859,1.7419,2.3413,1.6362,1.7899,2.4411,1.5796,1.7423,10.692234352666627,10.716879956469096
24,2010,403549.73,3168099,0.12737914124527042,1,585376.0,0.18477200365266364,0.0003156467016971376,2.1929,1.6038,1.6038,2.2445,1.5859,1.7419,2.3413,1.6362,1.7899,11.42151870885348,10.589102065023852
24,2011,484517.1,3198657,0.1514751659837238,6,646651.0,0.20216328290279326,0.001875787244459159,2.0898,1.7057,1.5366,2.1929,1.6038,1.6038,2.2445,1.5859,1.7419,11.83145697844439,11.312404549784487
24,2012,561903.62,3228198,0.17406107679888283,9,709735.0,0.2198548540083353,0.00278793308217154,1.96,1.6188,1.4881,2.0898,1.7057,1.5366,2.1929,1.6038,1.6038,12.296289062566794,11.723188194869087
24,2013,605600.69,3373959,0.17949260497830588,21,771186.0,0.2285700567197171,0.006224142024251035,1.974,1.6587,1.549,1.96,1.6188,1.4881,2.0898,1.7057,1.5366,12.147814188702352,11.765067613210475
24,2014,652345.85,3408510,0.19138739507878808,41,828988.0,0.2432112565314463,0.0120287163599344,1.9517,1.6876,1.6103,1.974,1.6587,1.549,1.96,1.6188,1.4881,11.69173531601785,12.024675594996054
24,2015,644783.75,3442175,0.1873187011119423,62,878457.0,0.2552040497650468,0.018011867496568305,1.9614,1.5715,1.6297,1.9517,1.6876,1.6103,1.974,1.6587,1.549,11.406215965661247,11.577388349517383
24,2016,651680.24,3474998,0.1875339899476201,88,917437.0,0.26401079943067596,0.0253237555820176,2.0972,1.7468,1.692,1.9614,1.5715,1.6297,1.9517,1.6876,1.6103,10.894506159485559,11.29847886001661
24,2017,661020.14,3507003,0.18848576405551978,171,957067.0,0.2729016770159592,0.04875958189941668,2.0531,1.7127,1.6755,2.0972,1.7468,1.692,1.9614,1.5715,1.6297,11.220409845357988,10.795082614756817
24,2018,608089.12,3479010,0.17478797703944512,267,994351.0,0.28581435523324167,0.07674597083653108,2.266,1.779,1.82,2.0531,1.7127,1.6755,2.0972,1.7468,1.692,11.272643128993593,11.310692118993622
24,2019,620525.15,3506853,0.1769464388726873,566,1031948.0,0.2942661126656863,0.1613982679057263,2.2068,1.7743,1.8087,2.266,1.779,1.82,2.0531,1.7127,1.6755,11.429601848010167,11.183142884004548
24,2020,577782.81,3534165,0.16348495613532477,1010,1061280.0,0.300291582311522,0.285781790040929,2.1066,1.6975,1.6458,2.2068,1.7743,1.8087,2.266,1.779,1.82,10.687719096929543,11.341273972635687
24,2021,595237.02,3560903,0.16715900994775765,1749,1094803.0,0.3074509471333535,0.49116754935475637,2.6019,2.1918,2.0422,2.1066,1.6975,1.6458,2.2068,1.7743,1.8087,10.510830286138093,10.6074674772663
24,2022,617546.07,3560903,0.17342400789911996,2996,1127409.0,0.3166076132935943,0.8413596214218697,2.609,2.1364,2.718,2.6019,2.1918,2.0422,2.1066,1.6975,1.6458,11.328141587091814,10.510830286138093
24,2023,671883.03,3560903,0.18868332835800358,5134,1164532.0,0.3270327779217799,1.4417691242923494,2.212,1.7564,2.2737,2.609,2.1364,2.718,2.6019,2.1918,2.0422,11.681830774048043,11.328141587091814
25,2006,281008.49,3623215,0.07755777396593909,0,334183.0,0.09223383100368043,0.0,2.59,1.89,1.83,2.4135,1.6915,1.7328,2.2456,1.5261,1.5261,7.747891736813852,6.970271642643342
25,2007,301021.96,3682910,0.0817348129604036,0,380487.0,0.1033115118208156,0.0,2.422,1.6561,1.7519,2.59,1.89,1.83,2.4135,1.6915,1.7328,7.873190165548438,7.622308869670994
25,2008,341331.35,3742604,0.09120156714415951,0,435555.0,0.11637752751827338,0.0,2.2147,1.591,1.7899,2.422,1.6561,1.7519,2.59,1.89,1.83,8.359630715886585,7.747613905345048
25,2009,359084.68,3769977,0.09524850682112915,0,493952.0,0.13102255000494697,0.0,2.0972,1.4646,1.7592,2.2147,1.591,1.7899,2.422,1.6561,1.7519,8.694168526147507,8.298933217841912
25,2010,444825.64,3780646,0.11765863294262409,1,565387.0,0.14954772279658027,0.0002645050607753278,2.0047,1.5138,1.612,2.0972,1.4646,1.7592,2.2147,1.591,1.7899,8.86686878380044,8.669633543500238
25,2011,511689.33,3791315,0.13496354958635726,4,643244.0,0.16966250496199867,0.0010550429072762352,1.9669,1.6135,1.5213,2.0047,1.5138,1.612,2.0972,1.4646,1.7592,9.036244606079949,8.841916854706085
25,2012,588349.21,3815171,0.15421306410643193,7,711533.0,0.18650094582916468,0.001834780144848029,1.8874,1.5753,1.4664,1.9669,1.6135,1.5213,2.0047,1.5138,1.612,9.524843436244405,8.979741594465883
25,2013,625181.69,3914421,0.1597124300119992,16,774307.0,0.19780882025719768,0.004087449970251028,1.9055,1.549,1.549,1.8874,1.5753,1.4664,1.9669,1.6135,1.5213,9.425686981522938,9.283341382416456
25,2014,686269.95,3943885,0.17400861079874286,34,834509.0,0.21159567279471891,0.008620941026424451,1.8422,1.4751,1.5652,1.9055,1.549,1.549,1.8874,1.5753,1.4664,9.901455396138578,9.3552695020012
25,2015,662396.75,3972202,0.16675807272641222,53,889433.0,0.22391434272476576,0.013342725269258714,1.8567,1.3969,1.6064,1.8422,1.4751,1.5652,1.9055,1.549,1.549,9.692775894252105,9.830869984708734
25,2016,694589.7,3999415,0.17367282465060513,76,932755.0,0.2332228588431058,0.01900277915645163,2.0042,1.6537,1.6373,1.8567,1.3969,1.6064,1.8422,1.4751,1.5652,9.375154541501693,9.626823871166158
25,2017,713021.85,4025558,0.17712373042445295,145,973601.0,0.24185491800142986,0.03601985116100675,1.9414,1.5957,1.617,2.0042,1.6537,1.6373,1.8567,1.3969,1.6064,9.48482795858363,9.314269897639035
25,2018,637788.09,3996496,0.159586820554806,223,1017041.0,0.2544831772632826,0.0557988798187212,2.1686,1.6252,1.7636,1.9414,1.5957,1.617,2.0042,1.6537,1.6373,9.432620404274145,9.553800395971871
25,2019,653092.79,4018127,0.16253662216251502,471,1062968.0,0.26454315655030314,0.11721879373150725,2.0986,1.6121,1.7595,2.1686,1.6252,1.7636,1.9414,1.5957,1.617,9.506736673753716,9.38184126962637
25,2020,621657.74,4039277,0.15390322079916777,868,1104608.0,0.2734667615021203,0.21488994193762895,1.9138,1.4671,1.5847,2.0986,1.6121,1.7595,2.1686,1.6252,1.7636,9.183329878515389,9.456958587068923
25,2021,663078.18,4059905,0.16332357037910986,1482,1146815.0,0.2824733583667598,0.36503317195845714,2.3926,1.9739,1.9269,1.9138,1.4671,1.5847,2.0986,1.6121,1.7595,8.907312413418541,9.136670232850276
25,2022,698823.66,4059905,0.17212808181472228,2411,1181431.0,0.29099966624834817,0.593856260183428,2.4232,1.8901,2.6332,2.3926,1.9739,1.9269,1.9138,1.4671,1.5847,9.117684304164753,8.907312413418541
25,2023,760013.56,4059905,0.1871998384198645,4291,1227084.0,0.30224451064741664,1.05692128264085,2.073,1.5557,2.1811,2.4232,1.8901,2.6332,2.3926,1.9739,1.9269,9.76492920184093,9.117684304164753
26,2006,637645.57,8502603,0.07499416002370098,0,910913.0,0.10713342725751161,0.0,2.64,1.85,1.84,2.4444,1.6296,1.7328,2.2892,1.4607,1.5588,8.791181858532028,8.499403516334938
26,2007,621960.22,8618400,0.07216655295646524,0,1007298.0,0.11687761069340016,0.0,2.489,1.5508,1.7614,2.64,1.85,1.84,2.4444,1.6296,1.7328,9.172568857224078,8.673063357920263
26,2008,676940.04,8734196,0.07750456252641914,0,1123702.0,0.12865545952941748,0.0,2.3503,1.5367,1.8079,2.489,1.5508,1.7614,2.64,1.85,1.84,9.380214527084119,9.050961008786613
26,2009,701324.89,8810256,0.07960323627372462,0,1260157.0,0.14303296067673857,0.0,2.2272,1.4559,1.7679,2.3503,1.5367,1.8079,2.489,1.5508,1.7614,9.815775313725277,9.299234006548732
26,2010,898932.82,8837581,0.10171706714767309,1,1427910.0,0.16157249364956316,0.00011315313545641053,2.1438,1.522,1.6365,2.2272,1.4559,1.7679,2.3503,1.5367,1.8079,10.99732607825603,9.785425825505872
26,2011,1106865.97,8864906,0.1248593013845832,6,1603534.0,0.18088561796368738,0.0006768261276543711,2.0514,1.6212,1.5443,2.1438,1.522,1.6365,2.2272,1.4559,1.7679,11.472364357005027,10.963428151409614
26,2012,1290226.16,8931028,0.14446558223756548,9,1766857.0,0.1978335528675982,0.0010077227391964284,1.9745,1.5535,1.5027,2.0514,1.6212,1.5443,2.1438,1.522,1.6365,12.256693871243042,11.387427250547194
26,2013,1379495.06,9208550,0.14980589343599154,21,1916608.0,0.20813352807988228,0.0022804893278529194,1.9397,1.5559,1.5559,1.9745,1.5535,1.5027,2.0514,1.6212,1.5443,12.1945422081218,11.887308658963681
26,2014,1497221.78,9277727,0.16137808107524612,43,2047819.0,0.22072421402354261,0.004634755905191002,1.8873,1.5395,1.5846,1.9397,1.5559,1.5559,1.9745,1.5535,1.5027,12.33552974032325,12.103616721056785
26,2015,1377723.97,9345173,0.14742626701506756,63,2146257.0,0.22966476918083806,0.006741448232151508,1.9672,1.4492,1.6297,1.8873,1.5395,1.5846,1.9397,1.5559,1.5559,11.518721069090963,12.246501732081365
26,2016,1441149.79,9410336,0.15314541266114196,91,2212466.0,0.23511020222869833,0.009670217939083153,2.0261,1.6208,1.6482,1.9672,1.4492,1.6297,1.8873,1.5395,1.5846,11.281321731083779,11.438958303869278
26,2017,1494982.01,9473266,0.1578106230733941,179,2281636.0,0.24084998774445898,0.018895278566019365,1.952,1.5744,1.5957,2.0261,1.6208,1.6482,1.9672,1.4492,1.6297,11.73092420204394,11.206380989787473
26,2018,1311137.67,9496294,0.13806835277003848,272,2359420.0,0.24845692435385847,0.028642752635923023,2.2045,1.6508,1.7943,1.952,1.5744,1.5957,2.0261,1.6208,1.6482,11.491687963873064,11.702477344509342
26,2019,1367866.54,9557071,0.14312612514859416,576,2448663.0,0.2562147963534016,0.0602695114434119,2.1232,1.6563,1.8185,2.2045,1.6508,1.7943,1.952,1.5744,1.5957,11.631984593344551,11.418608008792653
26,2020,1273074.01,9616621,0.13238267474615045,1003,2515849.0,0.26161465654100335,0.1042985888702487,2.0079,1.5894,1.6881,2.1232,1.6563,1.8185,2.2045,1.6508,1.7943,10.607755571328015,11.559954648259508
26,2021,1317326.97,9674793,0.13616073956311003,1773,2592408.0,0.26795488027495784,0.1832597348594435,2.4567,2.0337,2.0081,2.0079,1.5894,1.6881,2.1232,1.6563,1.8185,10.653961638176652,10.543973911390145
26,2022,1354426.64,9674793,0.13999541282175235,2889,2661755.0,0.275122682211392,0.2986110400501592,2.4717,1.9709,2.7624,2.4567,2.0337,2.0081,2.0079,1.5894,1.6881,10.92487204286438,10.653961638176652
26,2023,1464095.65,9674793,0.15133095354081477,5023,2749389.0,0.2841806537876314,0.5191842347428002,2.0961,1.6097,2.2544,2.4717,1.9709,2.7624,2.4567,2.0337,2.0081,11.430453590872693,10.92487204286438
27,2006,168899.39,3050652,0.05536501377410469,0,211298.0,0.0692632263529239,0.0,2.8,1.95,1.87,2.6404,1.7224,1.7637,2.3873,1.4607,1.5697,7.681920328801843,7.301179342153743
27,2007,163490.35,3089106,0.05292481060863564,0,234823.0,0.07601649150271955,0.0,2.6805,1.6944,1.7806,2.8,1.95,1.87,2.6404,1.7224,1.7637,8.141661965759674,7.586293773959198
27,2008,172374.63,3127560,0.05511473161186356,0,262894.0,0.08405722032510966,0.0,2.495,1.6271,1.817,2.6805,1.6944,1.7806,2.8,1.95,1.87,8.282116742924197,8.04155854033176
27,2009,179400.47,3156108,0.056842310212451536,0,297113.0,0.09413904720624262,0.0,2.3312,1.5339,1.7679,2.495,1.6271,1.817,2.6805,1.6944,1.7806,8.307495294520974,8.207202364589552
27,2010,245327.83,3149746,0.07788813129693632,1,337616.0,0.10718832566181527,0.000317485917912111,2.2338,1.6038,1.6365,2.3312,1.5339,1.7679,2.495,1.6271,1.817,8.614357475174188,8.324275150758188
27,2011,303096.08,3143384,0.09642349773365265,4,381499.0,0.12136570014990214,0.0012725139531154959,2.1667,1.7364,1.5366,2.2338,1.6038,1.6365,2.3312,1.5339,1.7679,9.297661155302693,8.631792361353241
27,2012,363832.65,3165472,0.11493788288128912,7,429331.0,0.1356293784939497,0.0022113605806653794,2.0036,1.6478,1.4881,2.1667,1.7364,1.5366,2.2338,1.6038,1.6365,9.36206682520016,9.23278402494162
27,2013,400517.97,3300935,0.12133470365214703,16,474857.0,0.1438553016039395,0.004847111500226451,1.9809,1.6656,1.5628,2.0036,1.6478,1.4881,2.1667,1.7364,1.5366,8.985525597565537,8.977868512194272
27,2014,441612.03,3321730,0.13294639540239575,32,519041.0,0.15625622792942231,0.009633534333013219,1.9324,1.6296,1.5846,1.9809,1.6656,1.5628,2.0036,1.6478,1.4881,9.099609676433666,8.929273582861942
27,2015,425872.69,3340932,0.12747122359868443,52,555241.0,0.16619344542181644,0.015564519122209013,1.9672,1.5365,1.6239,1.9324,1.6296,1.5846,1.9809,1.6656,1.5628,9.517783152156344,9.047309687985269
27,2016,453962.27,3358963,0.13514952978047096,75,584003.0,0.17386407650218236,0.022328319782027966,2.0699,1.7632,1.6482,1.9672,1.5365,1.6239,1.9324,1.6296,1.5846,9.342818921315894,9.466691446764969
27,2017,455660.7,3375823,0.1349776632246418,146,613700.0,0.18179270654889193,0.04324871298050875,2.0637,1.7127,1.6701,2.0699,1.7632,1.6482,1.9672,1.5365,1.6239,9.580043639728741,9.296157728767177
27,2018,417718.71,3322820,0.12571210899176002,227,644320.0,0.19390758452158108,0.06831546698286395,2.3275,1.779,1.8405,2.0637,1.7127,1.6701,2.0699,1.7632,1.6482,9.589593700411097,9.732856928753288
27,2019,437071.22,3337357,0.13096328022444106,492,681487.0,0.2041996106499844,0.1474220468472507,2.2215,1.7399,1.8431,2.3275,1.779,1.8405,2.0637,1.7127,1.6701,9.92698662435574,9.547822944803327
27,2020,423867.37,3351543,0.12646932174225423,941,710782.0,0.21207604974783256,0.28076620231338223,2.0737,1.6364,1.6834,2.2215,1.7399,1.8431,2.3275,1.779,1.8405,9.951444730054186,9.884968893342558
27,2021,439772.33,3365351,0.1306765119002446,1760,746629.0,0.2218576903271011,0.5229766523610762,2.5037,2.0636,2.0551,2.0737,1.6364,1.6834,2.2215,1.7399,1.8431,10.578536390914351,9.910614056275259
27,2022,466946.34,3365351,0.13875115552582779,2570,781629.0,0.23225779420928158,0.7636647707772533,2.4757,1.9547,2.6938,2.5037,2.0636,2.0551,2.0737,1.6364,1.6834,9.718198528415016,10.578536390914351
27,2023,505126.35,3365351,0.1500961861036189,4788,821900.0,0.24422415373611847,1.4227342110822914,2.1425,1.629,2.2699,2.4757,1.9547,2.6938,2.5037,2.0636,2.0551,10.896490197515801,9.718198528415016
28,2006,170814.53,2000738,0.08537576134406404,0,212199.0,0.10606036372578519,0.0,2.55,2.05,1.86,2.3928,1.7946,1.7534,2.2456,1.5588,1.537,11.056021417446962,10.374509469705679
28,2007,176382.29,2000056,0.08818867571707993,0,235051.0,0.11752220937813741,0.0,2.4124,1.8189,1.7806,2.55,2.05,1.86,2.3928,1.7946,1.7534,11.528946140108078,11.059791415190375
28,2008,197333.27,1999374,0.09869752732605305,0,261909.0,0.1309955015919983,0.0,2.278,1.6543,1.826,2.4124,1.8189,1.7806,2.55,2.05,1.86,12.46434907671101,11.532878741646135
28,2009,210071.2,2019679,0.10401217223132983,0,298755.0,0.14792202127169712,0.0,2.2099,1.5339,1.7679,2.278,1.6543,1.826,2.4124,1.8189,1.7806,11.653197127513828,12.339037773279813
28,2010,259063.29,2054749,0.12608026089804644,1,339432.0,0.1651938995955224,0.00048667744819440236,2.1357,1.5792,1.6202,2.2099,1.5339,1.7679,2.278,1.6543,1.826,12.850665945086236,11.454302944690568
28,2011,298401.15,2089819,0.14278803571026966,6,380723.0,0.1821798921341992,0.0028710620393440772,2.0975,1.7057,1.5597,2.1357,1.5792,1.6202,2.2099,1.5339,1.7679,12.858927394669108,12.635014324207024
28,2012,340092.12,2110867,0.16111489733839224,10,418794.0,0.1983990464581615,0.004737389897137053,1.9963,1.6624,1.5244,2.0975,1.7057,1.5597,2.1357,1.5792,1.6202,13.311241238410568,12.730707708728215
28,2013,366897.07,2195662,0.16710088802374864,22,452801.0,0.20622527511065,0.010019757139304683,1.974,1.6998,1.6039,1.9963,1.6624,1.5244,2.0975,1.7057,1.5597,12.803444476290066,12.79716999210261
28,2014,403098.47,2219574,0.18161073701530112,43,487925.0,0.21982821928892662,0.01937308690766787,1.8937,1.6103,1.5974,1.974,1.6998,1.6039,1.9963,1.6624,1.5244,12.45404542209451,12.665509915731578
28,2015,390746.96,2242937,0.17421218696735577,64,516933.0,0.2304714755697552,0.028534015890771786,1.9614,1.5424,1.6239,1.8937,1.6103,1.5974,1.974,1.6998,1.6039,11.788901380065512,12.324320929968161
28,2016,398251.99,2265779,0.17576824129802598,88,538534.0,0.2376816097245142,0.0388387393474827,2.0151,1.7194,1.6427,1.9614,1.5424,1.6239,1.8937,1.6103,1.5974,10.885099022985031,11.670053917306145
28,2017,401427.9,2288116,0.1754403622893245,166,560076.0,0.24477605156381932,0.07254876938057336,1.9733,1.6808,1.6435,2.0151,1.7194,1.6427,1.9614,1.5424,1.6239,10.887603895694099,10.778836728207835
28,2018,370116.04,2278308,0.16245215308904679,256,581384.0,0.2551823546245723,0.11236408773528425,2.266,1.7995,1.8046,1.9733,1.6808,1.6435,2.0151,1.7194,1.6427,10.800073771676173,10.934474476409687
28,2019,380080.42,2298696,0.16534610057180243,541,604269.0,0.2628746906942023,0.2353508249894723,2.1576,1.7104,1.7792,2.266,1.7995,1.8046,1.9733,1.6808,1.6435,10.923428028586642,10.704283852497241
28,2020,357524.12,2318822,0.15418351214539106,977,623559.0,0.2689119734071869,0.42133462594369037,2.0784,1.6599,1.6458,2.1576,1.7104,1.7792,2.266,1.7995,1.8046,10.334239461890563,10.828619150413443
28,2021,366043.71,2338474,0.15653101552550938,1723,644927.0,0.2757896816470912,0.7368052841297359,2.4866,2.0764,2.0209,2.0784,1.6599,1.6458,2.1576,1.7104,1.7792,10.35234672884967,10.24739287992939
28,2022,381713.74,2338474,0.16323197948747772,2790,666087.0,0.28483831763791256,1.1930857473720042,2.4555,1.9911,2.6453,2.4866,2.0764,2.0209,2.0784,1.6599,1.6458,10.548626966389193,10.35234672884967
28,2023,418885.73,2338474,0.17912781155574103,4673,692385.0,0.296084112972819,1.9983117195230735,2.1618,1.7024,2.1232,2.4555,1.9911,2.6453,2.4866,2.0764,2.0209,10.633302794129847,10.548626966389193
29,2006,1006425.23,13950146,0.07214442271786976,0,1082625.0,0.07760671465373911,0.0,2.64,1.86,1.84,2.4444,1.7637,1.7534,2.3546,1.646,1.5588,9.20774355252626,9.103951511224327
29,2007,988911.79,14226354,0.06951266571884827,0,1215557.0,0.08544402873708892,0.0,2.4986,1.6178,1.7519,2.64,1.86,1.84,2.4444,1.7637,1.7534,9.72667047606857,9.028973051584405
29,2008,1050094.4,14502563,0.07240750479760025,0,1380513.0,0.09519096727936986,0.0,2.3684,1.5367,1.8079,2.4986,1.6178,1.7519,2.64,1.86,1.84,9.761279034816122,9.541420880840166
29,2009,1056462.81,14637364,0.0721757558259807,0,1570314.0,0.10728120172457281,0.0,2.2879,1.4993,1.7419,2.3684,1.5367,1.8079,2.4986,1.6178,1.7519,10.217812639195145,9.671383738424487
29,2010,1273406.05,14367449,0.08863132557491592,1,1778228.0,0.12376783101857539,6.960177829759479e-05,2.2175,1.5383,1.5874,2.2879,1.4993,1.7419,2.3684,1.5367,1.8079,10.747875075109018,10.409770230170993
29,2011,1588825.7,14097534,0.11270238468657,5,1988030.0,0.14101969890620586,0.0003546719589397692,2.1129,1.6135,1.4905,2.2175,1.5383,1.5874,2.2879,1.4993,1.7419,10.910287192596947,10.953656646616352
29,2012,1842729.92,14175341,0.12999545619396385,8,2210467.0,0.1559374832675983,0.0005643603212084986,1.9818,1.5317,1.4518,2.1129,1.6135,1.4905,2.2175,1.5383,1.5874,11.01549244846385,10.850401739711234
29,2013,1943731.38,15044137,0.12920191965813657,19,2417531.0,0.16069589103050577,0.0012629504769864832,1.9877,1.5353,1.5628,1.9818,1.5317,1.4518,2.1129,1.6135,1.4905,10.832573461375684,10.379349891582349
29,2014,2145017.18,15126371,0.141806463691787,38,2615006.0,0.172877288280183,0.0025121689795919986,1.9453,1.5266,1.5781,1.9877,1.5353,1.5628,1.9818,1.5317,1.4518,10.92057888108787,10.773682545238378
29,2015,2050793.53,15203334,0.1348910396890577,60,2773953.0,0.18245688741693106,0.003946502786822943,2.0487,1.5016,1.618,1.9453,1.5266,1.5781,1.9877,1.5353,1.5628,11.05343229674491,10.865296236345266
29,2016,2210592.76,15276566,0.14470482175117103,87,2891284.0,0.189262691628472,0.0056949971610111855,2.0699,1.6482,1.6318,2.0487,1.5016,1.618,1.9453,1.5266,1.5781,10.744554134116267,11.000444933357404
29,2017,2251135.71,15344447,0.14670686470486685,164,3002868.0,0.19569737508298604,0.010687905533513198,2.0318,1.6063,1.6329,2.0699,1.6482,1.6318,2.0487,1.5016,1.618,10.71639603395287,10.697022210732001
29,2018,2010769.64,14812617,0.13574708912003866,268,3122693.0,0.21081305214331808,0.01809268409491719,2.3121,1.7379,1.7841,2.0318,1.6063,1.6329,2.0699,1.6482,1.6318,11.316231148439199,11.101155924979361
29,2019,2043682.94,14873064,0.13740833361572302,549,3254105.0,0.2187918373779606,0.03691236721633148,2.2363,1.6907,1.7595,2.3121,1.7379,1.7841,2.0318,1.6063,1.6329,11.077931407395274,11.270239802995537
29,2020,2001075.8,14930634,0.13402483779322433,1020,3370436.0,0.22573964374185315,0.06831592014110051,2.0455,1.5659,1.5941,2.2363,1.6907,1.7595,2.3121,1.7379,1.7841,10.791352322165288,11.035216777117435
29,2021,2064159.04,14985284,0.1377457404210691,1828,3491566.0,0.232999654861396,0.12198634340196689,2.5122,2.0422,1.9568,2.0455,1.5659,1.5941,2.2363,1.6907,1.7595,10.984150172269008,10.751997218557888
29,2022,2148656.52,14985284,0.1433844376923387,3056,3612158.0,0.24104701652634677,0.2039334055997871,2.617,2.0274,2.7342,2.5122,2.0422,1.9568,2.0455,1.5659,1.5941,11.55275936775706,10.984150172269008
29,2023,2336946.25,14985284,0.1559494134378768,5168,3757216.0,0.250727046614532,0.34487167543838343,2.2274,1.6831,2.2081,2.617,2.0274,2.7342,2.5122,2.0422,1.9568,11.759211430994569,11.55275936775706
31,2006,2698050.56,19479356,0.13850820119515245,0,3810448.0,0.1956146804853302,0.0,2.49,1.91,1.83,2.331,1.6193,1.7431,2.2456,1.4716,1.5588,14.70725328380466,13.909522603047042
31,2007,2827568.22,19664708,0.14378897566137266,0,4202883.0,0.21372720103446236,0.0,2.355,1.6178,1.7423,2.49,1.91,1.83,2.331,1.6193,1.7431,15.469861725040616,14.568628351735505
31,2008,2924880.57,19850060,0.1473487017167706,0,4666805.0,0.23510281581012854,0.0,2.2147,1.4735,1.7899,2.355,1.6178,1.7423,2.49,1.91,1.83,16.330828935302968,15.325410282049527
31,2009,3008093.69,20033665,0.15015194124489953,1,5115845.0,0.2553624112213117,4.9915978928468654e-05,2.1145,1.4299,1.7332,2.2147,1.4735,1.7899,2.355,1.6178,1.7423,15.556625102945468,16.18115977358611
31,2010,3677903.76,19881183,0.1849942108575732,2,5605182.0,0.2819340277688707,0.00010059763546263821,2.062,1.5138,1.5956,2.1145,1.4299,1.7332,2.2147,1.4735,1.7899,17.66109280317977,15.675939195519703
31,2011,4099918.36,19728701,0.20781491695778653,9,6110577.0,0.3097303263909773,0.0004561881697127449,2.1436,1.6519,1.5213,2.062,1.5138,1.5956,2.1145,1.4299,1.7332,18.723793793063212,17.797594377855898
31,2012,4459305.49,19855332,0.22458982252223234,14,6594295.0,0.3321170857279042,0.0007051002723097252,2.0398,1.5462,1.5244,2.1436,1.6519,1.5213,2.062,1.5138,1.5956,19.05131355111564,18.60437938428831
31,2013,4655426.52,20593356,0.22606448992577993,33,7032747.0,0.34150562929131123,0.0016024585793592847,1.9809,1.4325,1.6039,2.0398,1.5462,1.5244,2.1436,1.6519,1.5213,18.852639023814284,18.368553216556837
31,2014,4986074.28,20734097,0.24047704030708453,64,7428652.0,0.35828191601495835,0.003086703028349872,1.9195,1.4171,1.6296,1.9809,1.4325,1.6039,2.0398,1.5462,1.5244,18.38086894607467,18.724669174495517
31,2015,4296429.03,20869101,0.20587513712258138,93,7749690.0,0.3713475726625694,0.00445634912591587,1.9614,1.3503,1.6471,1.9195,1.4171,1.6296,1.9809,1.4325,1.6039,17.066055471709106,18.261961532133082
31,2016,4512741.38,20997560,0.21491741802380848,133,8031921.0,0.38251687338909857,0.006334069291860578,2.0315,1.4839,1.6427,1.9614,1.3503,1.6471,1.9195,1.4171,1.6296,16.459964972211058,16.961648653972176
31,2017,4570210.88,21119536,0.2163973147894916,255,8348953.0,0.3953189596589622,0.012074128901316771,2.0478,1.4627,1.6648,2.0315,1.4839,1.6427,1.9614,1.3503,1.6471,16.699926856792686,16.3649003511204
31,2018,3572714.95,21040662,0.16980050104887384,405,8689872.0,0.4130037353387455,0.01924844379896412,2.3942,1.5688,1.8251,2.0478,1.4627,1.6648,2.0315,1.4839,1.6427,17.113230174502114,16.762528976008454
31,2019,3300671.72,21168791,0.15592159797883592,857,9066576.0,0.42829918817753926,0.04048412590024626,2.2903,1.4745,1.7841,2.3942,1.5688,1.8251,2.0478,1.4627,1.6648,17.302222352660575,17.009648393708456
31,2020,3239443.27,21292666,0.15213892285728806,1600,9266880.0,0.4352146415108376,0.07514324415740142,2.0925,1.406,1.6411,2.2903,1.4745,1.7841,2.3942,1.5688,1.8251,16.92202572780224,17.201562679797824
31,2021,3690060.85,21411923,0.17233673266992414,3111,9541404.0,0.4456117276341784,0.14529288191443618,2.5635,1.8842,1.9653,2.0925,1.406,1.6411,2.2903,1.4745,1.7841,18.696176845867605,16.827775901561946
31,2022,4282417.37,21411923,0.20000153045571853,4816,9879513.0,0.4614024158409312,0.22492141411119404,2.512,1.8214,2.6494,2.5635,1.8842,1.9653,2.0925,1.406,1.6411,18.207457147132466,18.696176845867605
31,2023,4793983.96,21411923,0.22389320006428193,8156,10162638.0,0.4746251889659794,0.38090927190425633,2.0575,1.4206,2.1772,2.512,1.8214,2.6494,2.5635,1.8842,1.9653,18.560031482310116,18.207457147132466
32,2006,461645.14,3464285,0.13325841840379762,0,620150.0,0.17901240804379548,0.0,2.62,1.97,1.87,2.4341,1.5987,1.8359,2.3219,1.3735,1.6351,20.79064890888019,19.52371017794437
32,2007,474983.77,3458966,0.13731958336682118,0,697511.0,0.20165303735278114,0.0,2.5081,1.7231,1.7806,2.62,1.97,1.87,2.4341,1.5987,1.8359,22.195501525051125,20.82261957917482
32,2008,485291.81,3453646,0.14051579403332015,0,786748.0,0.2278021545925668,0.0,2.3774,1.6,1.8351,2.5081,1.7231,1.7806,2.62,1.97,1.87,24.287412341768672,22.22969149938934
32,2009,511197.59,3487199,0.14659260627225462,1,872508.0,0.2502030999664774,0.0002867631012741171,2.2792,1.5946,1.7939,2.3774,1.6,1.8351,2.5081,1.7231,1.7806,21.520310437546005,24.05372463243423
32,2010,638223.62,3517127,0.18146163615928568,2,944266.0,0.2684765150647105,0.0005686459431234641,2.2011,1.6611,1.6529,2.2792,1.5946,1.7939,2.3774,1.6,1.8351,24.255673735978256,21.337189426910086
32,2011,715752.59,3547055,0.20178784653747966,14,1018634.0,0.2871773908213997,0.0039469362612082415,2.2051,1.8286,1.5827,2.2011,1.6611,1.6529,2.2792,1.5946,1.7939,27.58274620855893,24.051018380036396
32,2012,821777.45,3578067,0.22967078313513972,21,1099789.0,0.3073695936940253,0.005869090768842507,2.0544,1.7858,1.5317,2.2051,1.8286,1.5827,2.2011,1.6611,1.6529,27.93086629347634,27.34367966077773
32,2013,861718.45,3839366,0.22444290281259976,43,1170850.0,0.3049592042019438,0.011199765794665056,1.9809,1.7067,1.597,2.0544,1.7858,1.5317,2.2051,1.8286,1.5827,24.30068985926322,26.02995155088106
32,2014,934933.59,3885049,0.24064911150412774,86,1236888.0,0.3183712740817426,0.022136142941826475,1.9324,1.6812,1.6039,1.9809,1.7067,1.597,2.0544,1.7858,1.5317,24.453040370687734,24.014946123510924
32,2015,917021.22,3929911,0.2333440172054787,115,1285926.0,0.3272150438012464,0.02926274920729757,1.9672,1.6297,1.6297,1.9324,1.6812,1.6039,1.9809,1.7067,1.597,21.004556177938888,24.173896060012556
32,2016,947149.01,3973697,0.23835461284541826,141,1321840.0,0.332647406181196,0.03548332950398583,2.0151,1.7523,1.6373,1.9672,1.6297,1.6297,1.9324,1.6812,1.6039,17.44360815301217,20.773107857443584
32,2017,937560.44,4016356,0.23343559186486457,264,1359884.0,0.3385865197208614,0.06573122502088959,2.0052,1.7765,1.6808,2.0151,1.7523,1.6373,1.9672,1.6297,1.6297,17.27722576098832,17.258334018896733
32,2018,909645.08,3972388,0.22899200178834495,478,1402987.0,0.353184784567872,0.12033064242465741,2.2455,1.8251,1.7482,2.0052,1.7765,1.6808,2.0151,1.7523,1.6373,20.19930621626085,17.468457096461876
32,2019,932664.15,4018650,0.23208394610130267,952,1449206.0,0.36062010874298583,0.23689547484851878,2.192,1.7644,1.7546,2.2455,1.8251,1.7482,2.0052,1.7765,1.6808,19.20302790078758,19.96677531554129
32,2020,904269.24,4064052,0.22250434787743859,1700,1491288.0,0.3669460922251979,0.4183017343282025,1.975,1.6881,1.5471,2.192,1.7644,1.7546,2.2455,1.8251,1.7482,17.977058141849565,18.988499180989812
32,2021,1040631.46,4108508,0.25328694990979694,3523,1536195.0,0.37390580716892846,0.8574888986464186,2.4994,2.1234,1.8756,1.975,1.6881,1.5471,2.192,1.7644,1.7546,21.170979545445697,17.78253786909993
32,2022,1005041.94,4108508,0.2446245547045302,5053,1585197.0,0.3858327645948359,1.2298868591712613,2.508,2.088,2.5767,2.4994,2.1234,1.8756,1.975,1.6881,1.5471,19.103854798213852,21.170979545445697
32,2023,1003131.81,4108508,0.24415963410561695,9177,1644054.0,0.40015840300177097,2.233657571069595,2.1618,1.6715,2.1849,2.508,2.088,2.5767,2.4994,2.1234,1.8756,20.8814684325064,19.103854798213852
33,2006,1660802.99,15561720,0.10672361345661019,0,2826689.0,0.18164373860987088,0.0,2.56,1.88,1.82,2.4135,1.609,1.7431,2.311,1.4062,1.5697,25.948111505540517,24.94138948862979
33,2007,1635151.71,15717041,0.10403686737217266,0,3027690.0,0.1926374054760053,0.0,2.422,1.6274,1.7327,2.56,1.88,1.82,2.4135,1.609,1.7431,26.066934141604644,25.691683681298535
33,2008,1616429.48,15872362,0.10183925240616362,0,3254299.0,0.20502928297628292,0.0,2.3051,1.5187,1.7989,2.422,1.6274,1.7327,2.56,1.88,1.82,27.730362316660873,25.811852870284838
33,2009,1636890.68,16010429,0.10223902682432806,1,3484470.0,0.21763751614650675,6.245928825517417e-05,2.2272,1.4819,1.7592,2.3051,1.5187,1.7989,2.422,1.6274,1.7327,26.52277028480623,27.491227691725186
33,2010,1867262.45,16061554,0.1162566492632033,3,3748477.0,0.2333819629159171,0.00018678142849689388,2.1684,1.5301,1.6283,2.2272,1.4819,1.7592,2.3051,1.5187,1.7989,28.008379575226655,26.43834653410249
33,2011,2280077.81,16112678,0.14150830855057117,15,4022457.0,0.24964546551479525,0.0009309439436448739,2.1743,1.721,1.5366,2.1684,1.5301,1.6283,2.2272,1.4819,1.7592,29.37988550730673,27.919511641702268
33,2012,2470659.32,16231365,0.15221512916504557,23,4312342.0,0.2656795654586044,0.0014170095983917557,2.0689,1.6188,1.4881,2.1743,1.721,1.5366,2.1684,1.5301,1.6283,30.291997408289447,29.16505388524625
33,2013,2616821.21,16369179,0.159862703560148,54,4587953.0,0.28027997005836397,0.0032988826134774385,2.0563,1.5696,1.5559,2.0689,1.6188,1.4881,2.1743,1.721,1.5366,30.53262544700012,30.036965599374287
33,2014,2861013.38,16461173,0.17380373682969008,105,4851104.0,0.294699776255313,0.006378646284806071,2.0161,1.5781,1.591,2.0563,1.5696,1.5559,2.0689,1.6188,1.4881,30.07320178043205,30.36199250696776
33,2015,2733573.24,16550024,0.16517034899768124,149,5052153.0,0.30526559961484045,0.009003008092314548,2.0662,1.5889,1.6297,2.0161,1.5781,1.591,2.0563,1.5696,1.5559,27.31308885854184,29.911749806018406
33,2016,2684903.52,16635996,0.16139120975984847,198,5194105.0,0.3122208613178315,0.011901902356793065,2.1465,1.7742,1.6756,2.0662,1.5889,1.6297,2.0161,1.5781,1.591,24.420560514903947,27.171939457246804
33,2017,2522844.54,16718956,0.15089725339309465,376,5319312.0,0.31816053586121046,0.022489442522607272,2.1861,1.7606,1.7127,2.1465,1.7742,1.6756,2.0662,1.5889,1.6297,24.580946039728797,24.299384904398334
33,2018,2001603.03,17159960,0.11664380511376483,614,5460895.0,0.31823471616483956,0.03578096918640836,2.4864,1.8097,1.8302,2.1861,1.7606,1.7127,2.1465,1.7742,1.6756,25.89696213076837,23.949225713614716
33,2019,2033178.94,17264943,0.11776343194414253,1258,5632075.0,0.32621451458021034,0.07286441663896602,2.3886,1.8824,1.7644,2.4864,1.8097,1.8302,2.1861,1.7606,1.7127,25.381920427226433,25.739490381491557
33,2020,1854930.42,17366189,0.10681275091501077,2166,5732832.0,0.3301145691780736,0.12472511959877898,2.2383,1.8292,1.627,2.3886,1.8824,1.7644,2.4864,1.8097,1.8302,22.906723932648664,25.23394219690918
33,2021,1852349.68,17463349,0.1060707015590194,4223,5872540.0,0.33627799570403133,0.24182074125644515,2.6917,2.2473,1.9354,2.2383,1.8292,1.627,2.3886,1.8824,1.7644,25.37484771792627,22.779278887755147
33,2022,2093310.86,17463349,0.11986880981420002,7512,5984753.0,0.34270362460258913,0.4301580412783367,2.5928,2.1364,2.6292,2.6917,2.2473,1.9354,2.2383,1.8292,1.627,28.40019389722441,25.37484771792627
33,2023,2433867.41,17463349,0.13937002633343698,12068,6127623.0,0.3508847587023543,0.6910472899556666,2.1193,1.6329,2.2235,2.5928,2.1364,2.6292,2.6917,2.2473,1.9354,27.460031171924697,28.40019389722441
35,2006,7041660.74,41055734,0.17151467173866627,0,12391351.0,0.30181779236975764,0.0,2.44,1.42,1.86,2.3,1.2171,1.7843,2.1802,1.0683,1.5806,27.055374744443732,26.033226878978706
35,2007,7153912.53,41033686,0.1743424300220068,0,13438419.0,0.3274972421439302,0.0,2.3071,1.2158,1.771,2.44,1.42,1.86,2.3,1.2171,1.7843,28.85989243931681,27.069911993238918
35,2008,7020308.36,41011638,0.17117844354326936,0,14553677.0,0.35486700141067273,0.0,2.1695,1.148,1.826,2.3071,1.2158,1.771,2.44,1.42,1.86,29.57673627275019,28.87540761841066
35,2009,6696778.62,41384039,0.16182032449756778,2,15584857.0,0.376591008915297,4.832781063250013e-05,2.0799,1.1526,1.7679,2.1695,1.148,1.826,2.3071,1.2158,1.771,29.52908372060784,29.310585205071455
35,2010,7436236.66,41485610,0.17924857944718664,3,16657416.0,0.4015227448746686,7.231423136841908e-05,2.0129,1.2438,1.612,2.0799,1.1526,1.7679,2.1695,1.148,1.826,31.20831507599864,29.45678639720857
35,2011,9461875.41,41587182,0.22751903242686652,17,17711806.0,0.42589579644997344,0.00040877980143016183,2.0284,1.4368,1.5213,2.0129,1.2438,1.612,2.0799,1.1526,1.7679,31.892997731486112,31.13209228747454
35,2012,10305844.77,41901219,0.24595572672957317,24,18691848.0,0.44609317929390074,0.0005727756989599754,1.9164,1.3139,1.4736,2.0284,1.4368,1.5213,2.0129,1.2438,1.612,31.822241858891985,31.653969331653574
35,2013,10476822.09,43663669,0.23994369529505183,55,19621636.0,0.44938129225924645,0.00125962845678406,1.8712,1.2543,1.5559,1.9164,1.3139,1.4736,2.0284,1.4368,1.5213,31.252111353150376,30.53776184498834
35,2014,10849785.85,44035304,0.24638834899379825,109,20453237.0,0.46447361871284004,0.0024752866472773755,1.8486,1.2367,1.5781,1.8712,1.2543,1.5559,1.9164,1.3139,1.4736,31.12853836096828,30.988359832263225
35,2015,9436733.19,44396484,0.2125558679376502,164,21103338.0,0.47533804703994126,0.003693986217467131,1.8567,1.2223,1.5948,1.8486,1.2367,1.5781,1.8712,1.2543,1.5559,29.965647128268085,30.875297462765293
35,2016,9990516.46,44749699,0.22325326612811408,234,21625662.0,0.4832582672790715,0.0052290854515021435,1.9165,1.358,1.5935,1.8567,1.2223,1.5948,1.8486,1.2367,1.5781,28.90198838440902,29.729124508296692
35,2017,10472113.33,45094866,0.23222407025225444,440,22212073.0,0.4925632332514304,0.009757208281758726,1.9042,1.335,1.6116,1.9165,1.358,1.5935,1.8567,1.2223,1.5948,28.77783731492184,28.680765582135226
35,2018,8425692.44,45538936,0.18502172382771526,673,22863739.0,0.5020701186343045,0.014778562239574505,2.1481,1.3893,1.7328,1.9042,1.335,1.6116,1.9165,1.358,1.5935,28.426525984261026,28.4972120887102
35,2019,7947691.13,45919049,0.1730804819150327,1424,23561184.0,0.5131026123820639,0.031011095199292998,2.0347,1.3319,1.7104,2.1481,1.3893,1.7328,1.9042,1.335,1.6116,28.73444954282263,28.191214227881765
35,2020,7176931.3,46289333,0.1550450359697341,2563,24037984.0,0.5192985606424703,0.05536912791549621,1.9232,1.3025,1.5706,2.0347,1.3319,1.7104,2.1481,1.3893,1.7328,27.10582939420838,28.504592981387308
35,2021,8848800.97,46649132,0.18968843771841243,4529,24420477.0,0.523492634332403,0.09708647955121652,2.3413,1.7688,1.9183,1.9232,1.3025,1.5706,2.0347,1.3319,1.7104,27.215277028743,26.896765476144335
35,2022,10007241.41,46649132,0.21452149227556902,7632,24948985.0,0.5348220627127639,0.1636043303013655,2.3747,1.7043,2.6251,2.3413,1.7688,1.9183,1.9232,1.3025,1.5706,28.851849873811158,27.215277028743
35,2023,10468876.86,46649132,0.22441739880604852,13269,25557267.0,0.5478615765026453,0.2844425915577593,2.0691,1.3974,2.212,2.3747,1.7043,2.6251,2.3413,1.7688,1.9183,30.192589434335027,28.851849873811158
41,2006,1645806.4,10387378,0.15844291023201426,0,2844716.0,0.2738627592064138,0.0,2.5,1.66,1.84,2.3619,1.4336,1.774,2.2674,1.2645,1.5915,17.8519734735272,17.65107841395586
41,2007,1639229.44,10488774,0.15628417963815408,0,3107231.0,0.29624348851448223,0.0,2.3358,1.3785,1.7519,2.5,1.66,1.84,2.3619,1.4336,1.774,19.935587052709877,17.679396706945923
41,2008,1699665.49,10590171,0.16049462185265942,0,3393214.0,0.3204116345241262,0.0,2.1786,1.2746,1.7989,2.3358,1.3785,1.7519,2.5,1.66,1.84,20.400849182888546,19.744711124419048
41,2009,1604062.92,10686247,0.1501053569134234,1,3655421.0,0.3420677998552719,9.357822255091053e-05,2.1405,1.2739,1.7419,2.1786,1.2746,1.7989,2.3358,1.3785,1.7519,19.95483205872932,20.21743287348683
41,2010,1885665.17,10599298,0.1779047225580411,2,3930708.0,0.37084606923967983,0.00018869174166062696,2.0702,1.3338,1.5874,2.1405,1.2739,1.7419,2.1786,1.2746,1.7989,21.247185898537808,20.11852711595617
41,2011,2403005.27,10512349,0.22858880255973238,12,4215870.0,0.40103976761045507,0.0011415146129566285,2.0591,1.5136,1.5136,2.0702,1.3338,1.5874,2.1405,1.2739,1.7419,22.58067469980306,21.422924124760318
41,2012,2771272.22,10577755,0.26199058495871763,17,4499433.0,0.4253674810959414,0.0016071463179096132,1.9527,1.4083,1.4664,2.0591,1.5136,1.5136,2.0702,1.3338,1.5874,23.093907208448293,22.441050402453072
41,2013,2752702.11,10997465,0.2503033299037551,42,4770538.0,0.43378524050769884,0.003819061938364887,1.9466,1.3366,1.5422,1.9527,1.4083,1.4664,2.0591,1.5136,1.5136,24.12424878387883,22.212545567883144
41,2014,2886674.1,11081692,0.2604903745745686,81,5019909.0,0.4529912038703115,0.007309353120444062,1.9002,1.314,1.5781,1.9466,1.3366,1.5422,1.9527,1.4083,1.4664,23.171087538283864,23.940891124929298
41,2015,2591179.51,11163018,0.23212177119126742,126,5185548.0,0.46452921602383873,0.011287270162961306,1.9149,1.3096,1.5889,1.9002,1.314,1.5781,1.9466,1.3366,1.5422,23.158443319243954,23.00227907939412
41,2016,2881573.09,11242720,0.2563056884810793,183,5304676.0,0.4718320833392631,0.01627719982353025,1.9877,1.4785,1.5661,1.9149,1.3096,1.5889,1.9002,1.314,1.5781,22.672851366688846,22.994268257565786
41,2017,3065370.17,11320892,0.27077108146601875,348,5432597.0,0.47987358239969075,0.030739627230787114,1.968,1.4627,1.5478,1.9877,1.4785,1.5661,1.9149,1.3096,1.5889,22.782854288663827,22.516292843116958
41,2018,2535773.94,11348937,0.22343713248209943,538,5590796.0,0.49262728306624665,0.047405320868377364,2.1891,1.5124,1.6815,1.968,1.4627,1.5478,1.9877,1.4785,1.5661,22.705469618872673,22.726554289066897
41,2019,2514962.03,11433957,0.2199555263326598,1136,5773836.0,0.5049726879329702,0.09935318105534244,2.0495,1.44,1.6563,2.1891,1.5124,1.6815,1.968,1.4627,1.5478,22.917949842088788,22.536637514029483
41,2020,2491379.57,11516840,0.21632492680283827,2114,5922506.0,0.5142474845530545,0.18355729523028885,1.8903,1.3966,1.5047,2.0495,1.44,1.6563,2.1891,1.5124,1.6815,22.357458219780774,22.753016714880122
41,2021,2798206.39,11597484,0.24127702094695713,3684,6077393.0,0.5240268492717903,0.31765510519350576,2.3627,1.8713,1.8543,1.8903,1.3966,1.5047,2.0495,1.44,1.6563,22.136287185841343,22.20199390867019
41,2022,3185490.6,11597484,0.27467083377739515,6027,6209060.0,0.535379915160909,0.5196816826822094,2.4676,1.9022,2.5847,2.3627,1.8713,1.8543,1.8903,1.3966,1.5047,22.78573818351463,22.136287185841343
41,2023,3380217.19,11597484,0.2914612505608975,10395,6350337.0,0.5475616090524462,0.896315097309037,2.1772,1.548,2.1618,2.4676,1.9022,2.5847,2.3627,1.8713,1.8543,23.652908994537093,22.78573818351463
42,2006,1478528.47,5958266,0.24814744256130894,0,1911230.0,0.32076949904552765,0.0,2.57,1.82,1.9,2.496,1.6709,1.8153,2.3655,1.5043,1.6242,20.589485255324284,19.687381682606986
42,2007,1339062.33,6005426,0.22297541090340636,0,2086779.0,0.3474822602093507,0.0,2.4316,1.637,1.7997,2.57,1.82,1.9,2.496,1.6709,1.8153,21.86114528801121,20.427798120283224
42,2008,1375977.99,6052587,0.2273371683876663,0,2262893.0,0.3738720319096611,0.0,2.2961,1.5367,1.8441,2.4316,1.637,1.7997,2.57,1.82,1.9,23.352372219184954,21.690805981376226
42,2009,1451702.97,6118743,0.2372550979833603,1,2448091.0,0.40009704607629376,0.00016343226051494564,2.1925,1.4993,1.8026,2.2961,1.5367,1.8441,2.4316,1.637,1.7997,22.876094222261013,23.099885795660974
42,2010,1787184.72,6217898,0.28742586642624246,2,2641555.0,0.4248308672802288,0.00032165210815616465,2.1111,1.6038,1.6611,2.1925,1.4993,1.8026,2.2961,1.5367,1.8441,24.723147114989665,22.511295841424225
42,2011,2008653.52,6317054,0.3179731438103901,13,2829111.0,0.44785290738372663,0.002057921303189746,2.0898,1.7979,1.5751,2.1111,1.6038,1.6611,2.1925,1.4993,1.8026,25.439123658385693,24.335078819968928
42,2012,2225459.46,6362734,0.34976465462802625,19,3014934.0,0.47384253372842555,0.0029861377200429877,1.9745,1.7277,1.5244,2.0898,1.7979,1.5751,2.1111,1.6038,1.6611,25.780701109743077,25.25648846277402
42,2013,2364078.62,6634254,0.35634430336854755,45,3191865.0,0.4811189019895832,0.006782978161523511,1.9534,1.645,1.5902,1.9745,1.7277,1.5244,2.0898,1.7979,1.5751,25.723797430788753,24.72557479632224
42,2014,2571463.1,6727148,0.38225160201618874,93,3352621.0,0.4983718211640356,0.013824580639522127,1.9066,1.6039,1.6168,1.9534,1.645,1.5902,1.9745,1.7277,1.5244,26.597727141278888,25.368582049986117
42,2015,2560629.76,6819190,0.3755035070147627,137,3470668.0,0.5089560490322165,0.020090362638377872,1.8974,1.5191,1.6239,1.9066,1.6039,1.6168,1.9534,1.645,1.5902,25.04943358234629,26.238724385594182
42,2016,2700772.29,6910553,0.39081854809593386,191,3566641.0,0.51611513579304,0.027638887944278843,1.9275,1.7085,1.6154,1.8974,1.5191,1.6239,1.9066,1.6039,1.6168,23.569905527531585,24.71826017257953
42,2017,2807016.35,7001161,0.4009358376417854,371,3678641.0,0.5254329960416565,0.052991211029142164,1.9467,1.7233,1.617,1.9275,1.7085,1.6154,1.8974,1.5191,1.6239,24.234082628024122,23.26486726315821
42,2018,2750212.92,7075494,0.38869553419167624,585,3806972.0,0.5380503467319737,0.08267973939346143,2.1019,1.7841,1.7174,1.9467,1.7233,1.617,1.9275,1.7085,1.6154,24.68279297483681,23.979486685466767
42,2019,2885318.42,7164788,0.4027081359560115,1256,3949457.0,0.5512315228308221,0.17530176747727916,2.0053,1.7448,1.6956,2.1019,1.7841,1.7174,1.9467,1.7233,1.617,25.350642283428343,24.37517391954933
42,2020,2636645.8,7252502,0.36354982046195916,2403,4064977.0,0.5604930546727185,0.331333931379819,1.9515,1.7069,1.58,2.0053,1.7448,1.6956,2.1019,1.7841,1.7174,25.414254536227634,25.044043783042046
42,2021,2839222.85,7338473,0.38689559122177053,4537,4169627.0,0.5681872781980666,0.618248510282725,2.3755,2.1448,1.9055,1.9515,1.7069,1.58,2.0053,1.7448,1.6956,27.261146182591393,25.116523812583353
42,2022,2960876.27,7338473,0.4034730753932051,7226,4264680.0,0.581139972852663,0.9846735145036304,2.4474,2.193,2.617,2.3755,2.1448,1.9055,1.9515,1.7069,1.58,27.318840235386844,27.261146182591393
42,2023,3103228.46,7338473,0.4228711422662453,12571,4374332.0,0.5960820459515215,1.7130266746229086,2.1618,1.7449,2.212,2.4474,2.193,2.617,2.3755,2.1448,1.9055,28.60371000367515,27.318840235386844
43,2006,1898189.9,10963219,0.17314165666124154,0,2901077.0,0.2646190867846387,0.0,2.72,2.17,1.96,2.6507,1.8668,1.8978,2.4527,1.5806,1.6678,18.139948075378225,17.891453811458113
43,2007,1967365.6,10909224,0.1803396465229791,0,3094986.0,0.28370358881621643,0.0,2.4507,1.6944,1.8667,2.72,2.17,1.96,2.6507,1.8668,1.8978,19.492205101820257,18.229731408851812
43,2008,2121884.89,10855228,0.1954712411383713,0,3325879.0,0.3063849971644999,0.0,2.3232,1.6091,1.9074,2.4507,1.6944,1.8667,2.72,2.17,1.96,20.389976090672622,19.58916309355271
43,2009,2245512.8,10914128,0.20574367462063847,1,3557165.0,0.3259229688345235,9.162436064521142e-05,2.2185,1.5599,1.8286,2.3232,1.6091,1.9074,2.4507,1.6944,1.8667,20.300073965478507,20.27993801967505
43,2010,2582903.54,10823579,0.238636733745834,2,3789184.0,0.35008604824707246,0.00018478176211399205,2.1275,1.6447,1.6774,2.2185,1.5599,1.8286,2.3232,1.6091,1.9074,22.289222816223727,20.46990239260969
43,2011,2813757.28,10733030,0.26215870821194015,12,4040480.0,0.37645287491044,0.0011180440192564449,2.1129,1.8209,1.5981,2.1275,1.6447,1.6774,2.2185,1.5599,1.8286,22.798851564013145,22.477265413401433
43,2012,3081486.6,10768025,0.2861700822574242,17,4314406.0,0.40066827482291323,0.001578748191985067,2.0036,1.7422,1.5462,2.1129,1.8209,1.5981,2.1275,1.6447,1.6774,22.842057593170523,22.72475758573183
43,2013,3297196.15,11164043,0.2953406888525958,42,4581606.0,0.41038949778319556,0.0037620779497176786,1.9671,1.6656,1.597,2.0036,1.7422,1.5462,2.1129,1.8209,1.5981,23.679603596322586,22.031789667479785
43,2014,3552611.8,11207274,0.31699160741496996,82,4813166.0,0.42946804013179296,0.007316676651253463,1.9066,1.5974,1.6103,1.9671,1.6656,1.597,2.0036,1.7422,1.5462,23.552037016503746,23.58826176394902
43,2015,3494738.69,11247972,0.3106994478649129,127,4979890.0,0.4427366995579292,0.011290924266169938,1.9556,1.5598,1.6239,1.9066,1.5974,1.6103,1.9671,1.6656,1.597,23.29019864661825,23.466819805570285
43,2016,3463356.22,11286500,0.30685830151065435,186,5110566.0,0.45280343773534754,0.016479865325831747,2.1191,1.9384,1.6099,1.9556,1.5598,1.6239,1.9066,1.5974,1.6103,22.976970679821026,23.210694391671467
43,2017,3594255.28,11322895,0.31743253646704306,350,5243885.0,0.4631222845394221,0.03091082271804163,2.0797,1.9308,1.6063,2.1191,1.9384,1.6099,1.9556,1.5598,1.6239,22.874597024568363,22.90311617106756
43,2018,3461000.8,11329605,0.30548291842478176,560,5390927.0,0.4758265623558809,0.04942802507236572,2.3531,2.0507,1.7533,2.0797,1.9308,1.6063,2.1191,1.9384,1.6099,23.636581803363843,22.86104946081527
43,2019,3553480.34,11377239,0.3123323980449035,1181,5537781.0,0.4867420821519175,0.10380374359719437,2.2166,1.9954,1.7251,2.3531,2.0507,1.7533,2.0797,1.9308,1.6063,23.826670136585864,23.53762062854617
43,2020,3178280.53,11422973,0.27823584368097515,2057,5652970.0,0.4948772968298183,0.18007571233863548,2.0455,1.9468,1.5847,2.2166,1.9954,1.7251,2.3531,2.0507,1.7533,21.756340283453355,23.731275624839522
43,2021,3269749.53,11466630,0.2851534871187088,3938,5757684.0,0.5021252102841026,0.3434313307397204,2.5678,2.4481,1.9013,2.0455,1.9468,1.5847,2.2166,1.9954,1.7251,23.66352687160046,21.673507180113077
43,2022,3602295.12,11466630,0.31415464875033033,5888,5854899.0,0.5106032897198218,0.5134900140669054,2.3828,2.3101,2.5969,2.5678,2.4481,1.9013,2.0455,1.9468,1.5847,22.25919118135843,23.66352687160046
43,2023,3825753.14,11466630,0.333642329088843,10187,5968204.0,0.5204845713169431,0.8884040036174534,2.0961,1.8182,2.2042,2.3828,2.3101,2.5969,2.5678,2.4481,1.9013,23.18073514499029,22.25919118135843
50,2006,318707.13,2297981,0.1386900631467362,0,473416.0,0.20601388784328503,0.0,2.76,1.94,2.06,2.6404,1.7018,1.97,2.4527,1.5588,1.755,15.633764610542908,14.850887904556219
50,2007,328961.32,2317020,0.14197603818698157,0,522361.0,0.2254451839000095,0.0,2.5943,1.6561,1.9529,2.76,1.94,2.06,2.6404,1.7018,1.97,16.433769145367755,15.50530165190633
50,2008,356358.49,2336060,0.15254680530465828,0,578290.0,0.2475492923983117,0.0,2.4498,1.5729,1.9797,2.5943,1.6561,1.9529,2.76,1.94,2.06,18.039839963228683,16.299826111144405
50,2009,372538.16,2360498,0.1578218494571908,1,634753.0,0.26890639178681786,0.0004236394184616975,2.3139,1.5079,1.9152,2.4498,1.5729,1.9797,2.5943,1.6561,1.9529,18.151447326538722,17.85307530211845
50,2010,451271.24,2419020,0.186551264561682,2,699670.0,0.28923696372911345,0.0008267810931699614,2.1684,1.4892,1.7593,2.3139,1.5079,1.9152,2.4498,1.5729,1.9797,19.541242321270598,17.712319497730487
50,2011,552064.64,2477542,0.22282756054185965,10,765511.0,0.30898002940010705,0.0040362585175145365,2.0975,1.5981,1.6673,2.1684,1.4892,1.7593,2.3139,1.5079,1.9152,20.544182689375194,19.07965879084996
50,2012,643255.26,2500365,0.257264543376667,16,830454.0,0.33213310856614936,0.006399065736402486,2.0181,1.5462,1.6188,2.0975,1.5981,1.6673,2.1684,1.4892,1.7593,21.212054612706545,20.356658115355156
50,2013,671116.67,2587269,0.25939191866017797,37,894174.0,0.34560534679617777,0.014300793616744143,2.0563,1.4805,1.6998,2.0181,1.5462,1.6188,2.0975,1.5981,1.6673,21.279415382320124,20.499561093840647
50,2014,717740.23,2619657,0.27398252137589,78,950010.0,0.3626467129093618,0.02977489037686995,1.9839,1.4106,1.7263,2.0563,1.4805,1.6998,2.0181,1.5462,1.6188,22.23190246738409,21.016328380700223
50,2015,663753.43,2651235,0.25035631696171784,117,993311.0,0.37465973404847175,0.0441303769752587,1.9498,1.3794,1.7519,1.9839,1.4106,1.7263,2.0563,1.4805,1.6998,21.490874483514286,21.967105489328556
50,2016,741872.02,2682386,0.27657168655070524,176,1026396.0,0.38264291567283754,0.06561322643348123,1.922,1.5551,1.7851,1.9498,1.3794,1.7519,1.9839,1.4106,1.7263,21.73251915977044,21.241297341732324
50,2017,766623.34,2713147,0.2825587187129927,332,1062685.0,0.3916798463186845,0.12236712570310418,1.968,1.6329,1.835,1.922,1.5551,1.7851,1.9498,1.3794,1.7519,21.741076247029742,21.486121149683374
50,2018,712686.89,2748023,0.2593453147954002,540,1102395.0,0.4011593061630125,0.1965049055266277,2.1737,1.7123,1.8815,1.968,1.6329,1.835,1.922,1.5551,1.7851,22.79513275714941,21.465153601843944
50,2019,768148.2,2778986,0.2764131233478686,1072,1143248.0,0.4113903416569929,0.385752213217339,2.0347,1.676,1.7841,2.1737,1.7123,1.8815,1.968,1.6329,1.835,21.622313718421037,22.541153177705826
50,2020,697962.96,2809394,0.2484389729600049,2178,1176597.0,0.4188081130663766,0.7752561584455581,2.0314,1.5565,1.6411,2.0347,1.676,1.7841,2.1737,1.7123,1.8815,23.034231937456976,21.38828057264307
50,2021,676391.5,2839188,0.23823413595718212,3891,1204437.0,0.4242188259460099,1.3704622589275526,2.4695,1.9141,1.9354,2.0314,1.5565,1.6411,2.0347,1.676,1.7841,23.379977732154405,22.792514268058333
50,2022,769521.63,2839188,0.27103581376083585,6666,1231828.0,0.4338663026189178,2.3478543865358685,2.3828,1.8457,2.613,2.4695,1.9141,1.9354,2.0314,1.5565,1.6411,25.20025649094037,23.379977732154405
50,2023,815140.08,2839188,0.28710324219459926,11670,1263850.0,0.4451448794514488,4.110330136644703,2.0267,1.436,2.2544,2.3828,1.8457,2.613,2.4695,1.9141,1.9354,26.55521984394834,25.20025649094037
51,2006,364957.36,2856999,0.12774150778491697,0,472769.0,0.1654774817912082,0.0,2.95,2.0,2.1,2.8364,1.7946,2.0319,2.6925,1.6787,1.8531,14.476110959821828,17.247567222879674
51,2007,347660.4,2907367,0.11957912434171539,0,533682.0,0.18356196517329942,0.0,2.7762,1.4455,2.0103,2.95,2.0,2.1,2.8364,1.7946,2.0319,16.554617478082402,14.225322959261765
51,2008,355889.16,2957735,0.1203248972609108,0,621092.0,0.2099890625766,0.0,2.4859,1.2836,2.052,2.7762,1.4455,2.0103,2.95,2.0,2.1,19.355527792111193,16.272704807361038
51,2009,354940.57,3001692,0.11824683212001764,1,703645.0,0.2344161226401643,0.000333145439305565,2.3572,1.2479,1.9932,2.4859,1.2836,2.052,2.7762,1.4455,2.0103,19.033252510484086,19.072084009352057
51,2010,393806.62,3038814,0.12959220932903429,2,788808.0,0.2595775852026481,0.0006581515025269727,2.2666,1.3992,1.8247,2.3572,1.2479,1.9932,2.4859,1.2836,2.052,18.626001788855785,18.8007432487477
51,2011,488407.84,3075936,0.15878348574222612,11,877320.0,0.28522049873599453,0.0035761472280307523,2.2204,1.5059,1.7364,2.2666,1.3992,1.8247,2.3572,1.2479,1.9932,20.75566887431988,18.40121348428576
51,2012,593011.55,3115336,0.1903523568565317,16,957334.0,0.30729719041541587,0.0051358826142669685,2.156,1.4373,1.6987,2.2204,1.5059,1.7364,2.2666,1.3992,1.8247,21.87098949583608,20.493169627481596
51,2013,586942.4,3182113,0.18445052077031834,39,1038733.0,0.3264286969067409,0.012256007250528186,2.07,1.3571,1.7615,2.156,1.4373,1.6987,2.2204,1.5059,1.7364,22.304230551932,21.412024315918384
51,2014,662409.15,3224357,0.20543914647168413,81,1115633.0,0.3460016989433862,0.02512128774822391,2.0032,1.3462,1.7778,2.07,1.3571,1.7615,2.156,1.4373,1.6987,23.160807729137932,22.012011075169404
51,2015,565513.12,3265486,0.17317885300993482,123,1176361.0,0.3602407114898058,0.037666675037038896,1.9731,1.2223,1.7926,2.0032,1.3462,1.7778,2.07,1.3571,1.7615,22.55916361062335,22.869095910103425
51,2016,616554.18,3305531,0.18652197786074312,192,1228649.0,0.3716948956158632,0.05808446509804325,2.037,1.4128,1.8015,1.9731,1.2223,1.7926,2.0032,1.3462,1.7778,23.774604117916304,22.28586963552906
51,2017,623823.98,3344544,0.18651989030492647,355,1278541.0,0.3822766272472421,0.10614301979582269,2.0265,1.3138,1.8297,2.037,1.4128,1.8015,1.9731,1.2223,1.7926,23.207743141486553,23.497281221147038
51,2018,521857.27,3441998,0.1516146348719552,554,1342263.0,0.38996623472762043,0.16095302786346768,2.307,1.3945,1.9533,2.0265,1.3138,1.8297,2.037,1.4128,1.8015,23.383823520205418,22.550657518511052
51,2019,475309.09,3484466,0.13640801488664261,1136,1411147.0,0.4049822842294917,0.3260183913403087,2.2117,1.2828,1.9315,2.307,1.3945,1.9533,2.0265,1.3138,1.8297,22.9171351540236,23.098825986219985
51,2020,501812.77,3526220,0.1423089795872067,2528,1468532.0,0.41646068594699137,0.7169149967954354,2.0408,1.3355,1.7257,2.2117,1.2828,1.9315,2.307,1.3945,1.9533,26.73562047631742,22.645773168321888
51,2021,610110.26,3567234,0.17103174616523614,5083,1523317.0,0.42703029854503516,1.4249135324455866,2.4695,1.7774,2.0764,2.0408,1.3355,1.7257,2.2117,1.2828,1.9315,30.54064233812528,26.428229725327807
51,2022,663867.54,3567234,0.18610148367054138,8147,1574098.0,0.4412656977366778,2.2838423271363752,2.4353,1.6558,2.7624,2.4695,1.7774,2.0764,2.0408,1.3355,1.7257,30.798698621565055,30.54064233812528
51,2023,680386.95,3567234,0.19073235733904756,13752,1627458.0,0.45622406604108395,3.8550877234294134,2.1232,1.3241,2.3046,2.4353,1.6558,2.7624,2.4695,1.7774,2.0764,31.291245788753976,30.798698621565055
52,2006,890038.41,5730753,0.15530915570781012,0,1147695.0,0.2002694933807128,0.0,2.58,1.69,1.85,2.4238,1.4955,1.7946,2.2783,1.4171,1.646,14.427927403641373,13.520221123681305
52,2007,880459.81,5787874,0.1521214542680093,0,1285281.0,0.22206444024178826,0.0,2.422,1.3977,1.771,2.58,1.69,1.85,2.4238,1.4955,1.7946,15.61578282087689,14.285537012761509
52,2008,921928.73,5844995,0.15772960113738335,0,1446992.0,0.24756086189979631,0.0,2.269,1.4012,1.7989,2.422,1.3977,1.771,2.58,1.69,1.85,16.40637729375303,15.463175482374236
52,2009,951247.64,5926300,0.16051290687275366,1,1597040.0,0.26948348885476603,0.00016873934832863677,2.2445,1.3606,1.7332,2.269,1.4012,1.7989,2.422,1.3977,1.771,16.990050913909183,16.181292416870562
52,2010,1083507.32,6003508,0.18047903325855486,2,1760836.0,0.2933011832415314,0.0003331385583229005,2.0866,1.3092,1.5792,2.2445,1.3606,1.7332,2.269,1.4012,1.7989,17.784620092119475,16.77155068854743
52,2011,1256556.81,6080716,0.20664619265231265,9,1931679.0,0.3176729516721386,0.001480088857956859,2.1897,1.5136,1.529,2.0866,1.3092,1.5792,2.2445,1.3606,1.7332,18.41583154340706,17.558805410415484
52,2012,1446209.17,6154996,0.234965086898513,14,2101170.0,0.3413763388310894,0.0022745749956620607,2.0108,1.3793,1.5099,2.1897,1.5136,1.529,2.0866,1.3092,1.5792,19.281095556569007,18.193584775570933
52,2013,1529630.01,6434048,0.23773991272679346,33,2256112.0,0.35065203119404764,0.005128963911988223,1.9877,1.3366,1.5833,2.0108,1.3793,1.5099,2.1897,1.5136,1.529,18.708123479619672,18.444852451567037
52,2014,1639888.52,6523222,0.2513924131357173,65,2391176.0,0.36656363986999063,0.009964401027590353,1.9968,1.3784,1.6425,1.9877,1.3366,1.5833,2.0108,1.3793,1.5099,18.66080161601123,18.45237897128137
52,2015,1469880.46,6610681,0.22234932528131368,98,2490651.0,0.3767616377193212,0.01482449387589569,1.9847,1.3328,1.6646,1.9968,1.3784,1.6425,1.9877,1.3366,1.5833,18.01263135971922,18.413920084662987
52,2016,1531089.1,6695855,0.22866222461507904,139,2562366.0,0.38267943376910046,0.02075911142042353,2.0863,1.5168,1.6537,1.9847,1.3328,1.6646,1.9968,1.3784,1.6425,17.22041532122485,17.78350335986965
52,2017,1559199.29,6778772,0.23001205675600242,265,2636475.0,0.3889310630302952,0.03909262621607571,2.085,1.484,1.6914,2.0863,1.5168,1.6537,1.9847,1.3328,1.6646,17.327130289143817,17.00977758666319
52,2018,1223071.02,6921161,0.17671471881668407,392,2722000.0,0.39328661766429074,0.05663789644540851,2.3634,1.5072,1.8353,2.085,1.484,1.6914,2.0863,1.5168,1.6537,16.556757611663706,16.97065935099617
52,2019,1141131.4,7018354,0.16259245401414632,828,2809918.0,0.40036709462076153,0.11797638021678587,2.2215,1.4646,1.7841,2.3634,1.5072,1.8353,2.085,1.484,1.6914,16.70571599131363,16.32747294711837
52,2020,1131572.92,7113540,0.15907310846638945,1572,2894131.0,0.40684820778402875,0.22098701912128138,2.0831,1.4154,1.6317,2.2215,1.4646,1.7841,2.3634,1.5072,1.8353,16.62663606264954,16.4821774602378
52,2021,1278601.23,7206589,0.1774211391824898,2906,2979737.0,0.41347397499704786,0.4032420885942018,2.5934,1.8842,1.9953,2.0831,1.4154,1.6317,2.2215,1.4646,1.7841,17.464742120120906,16.411958652991032
52,2022,1434388.54,7206589,0.19903848269965166,5028,3063187.0,0.4250536557586398,0.697694845647504,2.4959,1.7447,2.6615,2.5934,1.8842,1.9953,2.0831,1.4154,1.6317,19.007447498754264,17.464742120120906
52,2023,1638113.9,7206589,0.22730780123578573,8396,3159658.0,0.43844015525236696,1.1650449331854502,2.1,1.436,2.1927,2.4959,1.7447,2.6615,2.5934,1.8842,1.9953,19.105222316563356,19.007447498754264
53,2006,736015.53,2383784,0.3087593213143473,0,756665.0,0.3174217966057327,0.0,2.6,1.91,1.88,2.4032,1.7121,1.805,2.2783,1.6133,1.6678,47.84536348360422,45.69875208349414
53,2007,731690.26,2470472,0.29617427762791887,0,827799.0,0.3350772645874958,0.0,2.4603,1.6178,1.7902,2.6,1.91,1.88,2.4032,1.7121,1.805,47.85263804479468,46.166486382521235
53,2008,773089.44,2557159,0.3023235708065083,1,896907.0,0.3507435399988816,0.00039105898381758817,2.3051,1.6543,1.817,2.4603,1.6178,1.7902,2.6,1.91,1.88,50.1872154464388,46.23044652905823
53,2009,761670.98,2606885,0.2921766706241357,3,972823.0,0.37317449753249565,0.0011507987502325573,2.3225,1.5946,1.7506,2.3051,1.6543,1.817,2.4603,1.6178,1.7902,51.70767538545045,49.22990069136153
53,2010,899566.91,2608442,0.3448675147846876,6,1048617.0,0.4020089386691366,0.00230022365841372,2.2175,1.6447,1.6529,2.3225,1.5946,1.7506,2.3051,1.6543,1.817,55.272113391825464,51.67681065831635
53,2011,1002018.08,2609998,0.38391526736802095,29,1115084.0,0.42723557642572907,0.011111119625379024,2.1743,1.6903,1.5904,2.2175,1.6447,1.6529,2.3225,1.5946,1.7506,54.67377817933194,55.23916186908956
53,2012,1079078.0,2648532,0.4074249433270959,40,1185277.0,0.4475222500615435,0.015102705951825389,2.0616,1.6406,1.5027,2.1743,1.6903,1.5904,2.2175,1.6447,1.6529,52.99182670607717,53.878318895335234
53,2013,1123062.26,2789761,0.40256576100963487,89,1253907.0,0.44946753503257086,0.03190237443279191,2.0425,1.5628,1.6381,2.0616,1.6406,1.5027,2.1743,1.6903,1.5904,50.16381306570706,50.309165828004616
53,2014,1172428.68,2852372,0.41103638655827496,179,1308983.0,0.45891033848319923,0.0627547879449104,2.0097,1.5974,1.649,2.0425,1.5628,1.6381,2.0616,1.6406,1.5027,51.05986993533803,49.06269213903376
53,2015,1122267.15,2914830,0.3850197610152221,278,1355340.0,0.4649808050555264,0.09537434430138293,2.0604,1.6006,1.6995,2.0097,1.5974,1.649,2.0425,1.5628,1.6381,50.72871997526442,49.96577616094249
53,2016,1199588.7,2977216,0.40292296561619984,406,1390951.0,0.46719855059223114,0.13636901051183387,2.0206,1.7194,1.7413,2.0604,1.6006,1.6995,2.0097,1.5974,1.649,50.18878746325426,49.6657262507994
53,2017,1266124.91,3039444,0.4165646447179155,754,1429034.0,0.4701629640157871,0.2480716867953481,1.9946,1.7286,1.7712,2.0206,1.7194,1.7413,2.0604,1.6006,1.6995,49.26888167108852,49.16124825994491
53,2018,1090790.63,2974703,0.36668891986863894,1189,1473183.0,0.4952370034924495,0.3997037687459891,2.2814,1.7533,1.8764,1.9946,1.7286,1.7712,2.0206,1.7194,1.7413,50.16364816265691,50.3411623889511
53,2019,1123114.42,3015268,0.37247581972813026,2527,1524887.0,0.505721879448195,0.8380681252877025,2.1085,1.5924,1.8283,2.2814,1.7533,1.8764,1.9946,1.7286,1.7712,50.98554887111196,49.488786628717584
53,2020,946625.38,3055149,0.30984589622306474,4343,1558113.0,0.5099957481615462,1.421534596184998,1.975,1.5329,1.6411,2.1085,1.5924,1.8283,2.2814,1.7533,1.8764,45.91955016972986,50.319998786802216
53,2021,985314.35,3094325,0.3184262642094802,7204,1582892.0,0.511546783224128,2.3281329530673087,2.5592,2.1149,1.9867,1.975,1.5329,1.6411,2.1085,1.5924,1.8283,43.28705467240836,45.33818127749994
53,2022,1045611.31,3094325,0.33791256897707905,12085,1603034.0,0.5180561188627568,3.9055367487254893,2.5161,2.0193,2.6736,2.5592,2.1149,1.9867,1.975,1.5329,1.6411,45.68553974395062,43.28705467240836
53,2023,1056571.76,3094325,0.34145468236206605,21234,1633080.0,0.5277661525534648,6.86223974534026,2.1039,1.4824,2.2158,2.5161,2.0193,2.6736,2.5592,2.1149,1.9867,48.3170591987267,45.68553974395062
