i,t,Sg,Se,Pop,Sg_pc,Se_pc
11,2006,180781.71,10618.08,1562417,0.11570644072613137,0.00679593219991846
11,2007,192110.87,21534.12,1527991,0.12572774970533204,0.014093093480262645
11,2008,211211.34,40583.8,1493565,0.14141422703397574,0.027172436418903767
11,2009,233616.64,57187.67,1503928,0.15533764914277812,0.038025537126777344
11,2010,286145.9,40080.72,1540192,0.18578586306122874,0.026023197107893043
11,2011,325210.12,26509.16,1576455,0.20629204132055784,0.016815678214728617
11,2012,365370.29,19696.68,1590011,0.2297910454707546,0.012387763355096285
11,2013,378462.95,20747.51,1728214,0.21899079049238115,0.012005174127741124
11,2014,406947.37,18135.06,1748531,0.2327367201382189,0.010371597643965134
11,2015,416855.03,29194.54,1768204,0.2357505299162314,0.01651084377142004
11,2016,431573.74,14528.65,1787279,0.24146970898220144,0.008128921114162926
11,2017,436154.44,11331.85,1805788,0.24153136470061823,0.006275293666809172
11,2018,427769.57,15640.01,1757589,0.2433843008803537,0.008898559333268472
11,2019,440066.88,15469.21,1777225,0.24761461266862667,0.008704137067619463
11,2020,430076.78,12244.93,1796460,0.2394023691036817,0.006816143972033889
11,2021,439880.44,12567.02,1815278,0.24232125327360327,0.006922917591685681
11,2022,461219.1,8114.32,1815278,0.2540762902431473,0.004470015061054009
11,2023,478218.96,12757.61,1815278,0.2634411698924352,0.007027909774701175
12,2006,54125.47,4135.93,686652,0.0788251836446992,0.006023327682727204
12,2007,59986.73,6373.69,683364,0.08778151907329038,0.009326932644973982
12,2008,69961.95,9511.65,680075,0.10287387420505091,0.013986177995074072
12,2009,75724.2,11952.01,691132,0.10956546651001545,0.017293382450819815
12,2010,94983.8,9494.53,718759,0.1321497191687339,0.013209615462206387
12,2011,106948.78,8584.56,746386,0.14328883446366894,0.01150150190384064
12,2012,118891.75,5745.5,758786,0.15668679970373728,0.007571963636651177
12,2013,125329.99,6024.83,776463,0.1614114130357789,0.007759326587358316
12,2014,138151.75,3699.01,790101,0.1748532782517678,0.004681692593731687
12,2015,140258.84,7384.5,803513,0.1745570264575682,0.009190268234614747
12,2016,136817.74,7603.71,816687,0.16752775543139536,0.0093104334953293
12,2017,136592.56,6748.5,829619,0.16464492737027478,0.008134456901300477
12,2018,133872.32,8533.39,869265,0.1540063386884322,0.009816787745969295
12,2019,138001.4,7903.02,881935,0.15647570399179078,0.00896100052724974
12,2020,136417.72,6541.79,894470,0.15251234809440228,0.007313593524657059
12,2021,138568.1,6970.54,906876,0.1527971850616843,0.00768632095236835
12,2022,149349.85,6101.56,906876,0.16468607615594635,0.00672810836321614
12,2023,155529.5,9226.04,906876,0.17150029331463176,0.010173430546182721
13,2006,332061.53,16265.73,3311026,0.10028961717606567,0.00491259506871888
13,2007,354301.33,32504.39,3326060,0.10652283181902912,0.009772640902449144
13,2008,388553.26,54703.03,3341094,0.11629521947002988,0.016372789870623215
13,2009,403312.31,79600.73,3393369,0.11885306608270424,0.023457728882417442
13,2010,468688.2,54875.69,3465878,0.13522928389285485,0.015833127998158045
13,2011,521355.1,40517.31,3538387,0.14734258858626825,0.011450785343717348
13,2012,569396.75,40069.26,3590985,0.15856283164647025,0.011158292223442872
13,2013,590749.21,47011.25,3807921,0.1551369395531052,0.012345647401823725
13,2014,627353.97,50438.88,3873743,0.16195033330812084,0.013020708911251984
13,2015,617203.43,78600.59,3938336,0.15671680374655694,0.01995781721011107
13,2016,634172.72,38370.91,4001667,0.15847713465413288,0.009588731396190639
13,2017,644424.52,38859.03,4063614,0.1585840879571731,0.00956267745903031
13,2018,614179.33,90530.92,4080611,0.15051160965845556,0.022185628573760153
13,2019,647740.53,102044.67,4144597,0.15628552788123912,0.024621132042512216
13,2020,625946.68,112895.73,4207714,0.1487616981572417,0.026830656741404002
13,2021,608234.64,130812.71,4269995,0.14244387639798173,0.03063533095472009
13,2022,643995.49,123819.64,4269995,0.1508187925278601,0.028997607725535977
13,2023,619234.77,167462.42,4269995,0.14502002227168884,0.039218411262776656
14,2006,48344.95,1299.0,403344,0.11986034253639573,0.003220575984767345
14,2007,52591.94,2256.27,408064,0.12888159700439147,0.005529206202948557
14,2008,62254.19,2865.82,412783,0.15081577971961055,0.006942679325456717
14,2009,74627.01,2908.07,421499,0.17705145207936435,0.006899352074382146
14,2010,85768.4,2756.32,440832,0.19456028600464575,0.006252540650406505
14,2011,88273.25,2486.82,460165,0.1918295611356796,0.0054041919746178006
14,2012,99430.0,1928.8,469524,0.21176766256889956,0.004107990219882264
14,2013,108861.3,1822.8,488072,0.22304352636496255,0.003734694881083119
14,2014,122815.08,1953.6,496936,0.24714466249174943,0.0039312909509474055
14,2015,123890.24,2902.4,505665,0.24500457812978949,0.005739768423758813
14,2016,129943.6,1448.4,514229,0.25269597786200315,0.0028166439465685525
14,2017,137423.77,1016.6,522636,0.26294355918842177,0.001945139638295104
14,2018,140968.56,2000.0,576568,0.24449598312774903,0.0034688015984237768
14,2019,153676.13,1663.2,605761,0.2536910266590289,0.002745637305802123
14,2020,156555.17,1555.8,631181,0.24803530207658345,0.0024649030943580366
14,2021,167862.0,2564.15,652713,0.257175818468454,0.003928449410384043
14,2022,185867.56,2350.36,652713,0.2847615414431764,0.003600908822100985
14,2023,183252.1,3098.51,652713,0.28075448167877765,0.004747124693395106
15,2006,435939.38,10367.0,7110465,0.06130954585951833,0.0014579918472279942
15,2007,493385.98,17748.83,7215978,0.06837409703854419,0.002459656889197833
15,2008,559079.29,31548.27,7321490,0.07636140867501015,0.004308995846473873
15,2009,585376.66,46192.34,7431020,0.0787747388649203,0.006216150676488557
15,2010,674940.64,46966.6,7559806,0.08928015348542014,0.0062126726532400435
15,2011,768592.56,33566.53,7688593,0.0999653070464258,0.004365757167793899
15,2012,909505.43,30715.07,7777543,0.11693994234425963,0.003949199637983358
15,2013,996173.28,32956.05,7969654,0.12499580031956219,0.0041351920673093215
15,2014,1098714.35,33477.43,8073924,0.13608182960354842,0.004146364270954247
15,2015,1131966.26,52965.81,8175113,0.13846490684593596,0.006478908609581299
15,2016,1154585.46,36912.84,8272724,0.13956533059727363,0.004461993413535856
15,2017,1154058.16,27253.95,8366628,0.137935875719585,0.0032574592775010437
15,2018,1136547.74,53647.42,8513497,0.1334995172958891,0.006301455206949623
15,2019,1176565.93,58377.72,8602865,0.13676443022179238,0.00678584634304967
15,2020,1208775.16,44085.35,8690745,0.13908763402907345,0.0050726778889496815
15,2021,1244976.24,45158.35,8777124,0.14184330083521662,0.0051450053571078635
15,2022,1301558.19,36721.29,8777124,0.1482898259156416,0.00418374971118102
15,2023,1384124.36,49268.49,8777124,0.15769679908817513,0.0056132840324461634
16,2006,64644.76,925.3,615715,0.10499136775943416,0.0015028056811999058
16,2007,72340.09,1452.37,614440,0.11773336696829632,0.0023637295748974675
16,2008,82509.63,2771.45,613166,0.13456328302612997,0.004519901625334738
16,2009,86003.95,8297.1,626609,0.1372529759387433,0.013241271670212206
16,2010,99396.5,6721.64,655459,0.15164411503999486,0.010254859571689458
16,2011,109515.6,4933.64,684309,0.16003822834421294,0.007209666977929561
16,2012,127984.5,3311.01,698602,0.18320087832557022,0.004739479703751206
16,2013,137899.8,1458.8,734996,0.18761979657032146,0.0019847727062460205
16,2014,154417.4,1176.6,750912,0.2056398086593369,0.0015668946560981846
16,2015,153753.22,2193.0,766679,0.2005444521109878,0.0028603887676589552
16,2016,151537.69,539.0,782295,0.1937091378572022,0.0006889983957458504
16,2017,154728.34,394.31,797722,0.19396273388473678,0.0004942950050268139
16,2018,158010.2,928.48,829494,0.19048986490559305,0.0011193329909559321
16,2019,170073.11,862.15,845731,0.20109598678539628,0.0010194139744197624
16,2020,173347.57,382.68,861773,0.20115224078730712,0.0004440612551101044
16,2021,190356.68,322.83,877613,0.2169027578214999,0.00036785006603138286
16,2022,195870.69,378.23,877613,0.22318572081316024,0.00043097584014822025
16,2023,199283.31,463.9,877613,0.2270742457096693,0.0005285928991480299
17,2006,133259.67,14161.15,1332441,0.10001168532040068,0.010627975272451087
17,2007,157048.59,31757.23,1306477,0.12020769596403151,0.02430753086353606
17,2008,174092.44,55781.19,1280513,0.13595523044279909,0.043561596016596475
17,2009,177626.18,69709.15,1292051,0.1374761367778826,0.053952320767523876
17,2010,217260.88,60459.83,1346472,0.16135566131341758,0.04490240420892525
17,2011,249674.17,37472.85,1400892,0.17822513798351336,0.02674927831695805
17,2012,296202.18,27882.1,1417694,0.20893237891956937,0.019667220147648223
17,2013,312274.29,35772.3,1478164,0.2112582162737017,0.024200494667709405
17,2014,350345.44,35286.18,1496880,0.23405045160600715,0.02357315215648549
17,2015,348183.44,56692.45,1515126,0.2298049403151949,0.03741764711317738
17,2016,363558.29,30666.32,1532902,0.2371699495466768,0.020005401519470913
17,2017,379334.98,16890.64,1550194,0.24470161799103854,0.010895823361463145
17,2018,348974.01,34121.71,1555229,0.22438754035579328,0.021939990830932295
17,2019,365402.2,33215.4,1572866,0.23231616679361117,0.021117755740158412
17,2020,352986.1,38226.92,1590248,0.22196921486459972,0.024038338674219367
17,2021,368813.5,31372.71,1607363,0.22945252565848537,0.019518123784110993
17,2022,396133.55,26815.3,1607363,0.24644933969489155,0.01668279038400162
17,2023,428409.98,31329.99,1607363,0.26652970113160496,0.01949154609133096
21,2006,306351.74,16591.65,6184538,0.04953510512830546,0.002682763045517709
21,2007,327629.24,49095.93,6245038,0.052462329292471875,0.007861590273750135
21,2008,371604.66,107358.4,6305537,0.058933071045336814,0.017026051865209894
21,2009,392331.05,142648.18,6367138,0.06161811633421484,0.02240381471235585
21,2010,522287.34,88457.55,6506450,0.08027224369663949,0.013595363062806908
21,2011,628889.23,35199.52,6645761,0.09463013039439727,0.005296537146009313
21,2012,750762.9,23838.05,6714314,0.11181528001222463,0.003550332915618781
21,2013,803208.64,26444.72,6794301,0.11821799475766528,0.0038921914115962776
21,2014,887026.28,42643.3,6850884,0.12947617854863694,0.0062244959920500775
21,2015,889941.82,57212.42,6904241,0.128897849886758,0.00828656183931007
21,2016,928346.35,35476.36,6954036,0.13349748980304388,0.0051015496612327
21,2017,955006.37,25618.07,7000229,0.13642501838154153,0.0036596045643649657
21,2018,943358.35,37299.22,7035055,0.13409395520006595,0.005301908798154386
21,2019,949378.15,47002.09,7075181,0.13418429153967934,0.006643234992857426
21,2020,926654.67,39181.08,7114598,0.1302469471922377,0.005507138983818903
21,2021,961286.85,53908.94,7153262,0.13438440392648837,0.007536273660883664
21,2022,1003775.94,42153.84,7153262,0.14032422410922457,0.005892953452564718
21,2023,1077536.98,42065.08,7153262,0.15063574911697628,0.005880545127523639
22,2006,195720.65,14037.54,3036290,0.06446045996923877,0.004623254036999101
22,2007,213323.77,19439.83,3074086,0.06939421018149784,0.0063237755872802524
22,2008,246146.29,28274.62,3111881,0.07909887621024068,0.009086022248280059
22,2009,279290.04,33108.09,3145325,0.08879528824525287,0.010526126870832106
22,2010,345390.95,19251.82,3142826,0.10989820944589361,0.00612563979043065
22,2011,373985.9,13860.12,3140328,0.11909134969340783,0.004413589917995828
22,2012,454910.23,15980.71,3160748,0.1439248652534147,0.005055989911248856
22,2013,500001.49,17938.35,3184166,0.15702745711121843,0.005633610182383707
22,2014,569210.19,21837.99,3194718,0.17817227999466617,0.0068356549779980584
22,2015,579918.42,38396.91,3204028,0.180996676683225,0.011983949578468104
22,2016,596027.06,35913.72,3212180,0.18555219819561794,0.011180481791182313
22,2017,607778.96,37183.78,3219257,0.18879479333274726,0.011550422970269226
22,2018,557661.83,72283.06,3264531,0.17082448596750957,0.022141943207155942
22,2019,560883.72,91343.81,3273227,0.17135497171445793,0.02790634746688818
22,2020,519740.88,71251.61,3281480,0.15838611845874423,0.021713254385216426
22,2021,535982.11,84391.58,3289290,0.1629476604373588,0.02565647297745106
22,2022,552387.27,76858.59,3289290,0.16793510757640706,0.023366316135092983
22,2023,621774.47,59753.6,3289290,0.18902999431488254,0.01816610879551514
23,2006,530568.08,66099.39,8217085,0.06456889273994366,0.008044140957529342
23,2007,552584.76,107878.08,8333806,0.06630641030040776,0.012944635380281231
23,2008,615539.66,152940.75,8450528,0.07284037873136448,0.01809836616126235
23,2009,665907.71,174591.73,8547809,0.07790390613547869,0.020425319517551225
23,2010,820165.03,157505.96,8538982,0.09604950918036834,0.018445519618146517
23,2011,943328.05,113605.2,8530155,0.11058744536295062,0.013318069835776724
23,2012,1120767.7,93417.91,8606005,0.13023089110452526,0.010854968129811684
23,2013,1216335.29,97864.95,8778576,0.1385572432248693,0.011148157742212403
23,2014,1348677.04,109934.44,8842791,0.1525171227048112,0.012432097513104177
23,2015,1331394.41,172587.82,8904459,0.14951996634495143,0.019382179198084916
23,2016,1372176.49,143299.5,8963663,0.15308211497911067,0.015986712128735762
23,2017,1381639.09,122849.55,9020460,0.15316725421985133,0.013618989497209678
23,2018,1329769.11,169711.04,9075649,0.14652055296541328,0.018699603741837087
23,2019,1385259.81,166507.5,9132078,0.15169163141182107,0.01823325424947093
23,2020,1278277.44,144948.24,9187103,0.13913825065420513,0.01577736093739234
23,2021,1326330.25,136555.46,9240580,0.14353322518716358,0.014777801826292288
23,2022,1430938.9,117807.51,9240580,0.15485379705602895,0.012748930261953253
23,2023,1526127.76,147080.22,9240580,0.1651549751206093,0.015916773622434956
24,2006,266639.72,33372.57,3043760,0.08760208426419953,0.010964258022971587
24,2007,272333.34,67384.43,3075098,0.08856086537729856,0.02191293740882404
24,2008,304051.81,94711.93,3106436,0.09787802162993219,0.030488936517604096
24,2009,334293.33,98373.7,3137541,0.10654628258244275,0.03135375760826711
24,2010,403549.73,79156.04,3168099,0.12737914124527042,0.02498534294540669
24,2011,484517.1,55271.14,3198657,0.1514751659837238,0.0172794832331194
24,2012,561903.62,46051.01,3228198,0.17406107679888283,0.014265237138490266
24,2013,605600.69,48016.98,3373959,0.17949260497830588,0.014231643004553405
24,2014,652345.85,42656.94,3408510,0.19138739507878808,0.01251483492787171
24,2015,644783.75,68898.98,3442175,0.1873187011119423,0.02001611771626951
24,2016,651680.24,54800.4,3474998,0.1875339899476201,0.015769908356781787
24,2017,661020.14,54338.48,3507003,0.18848576405551978,0.015494278162864418
24,2018,608089.12,100968.47,3479010,0.17478797703944512,0.02902218447201934
24,2019,620525.15,98042.81,3506853,0.1769464388726873,0.027957490661855516
24,2020,577782.81,76160.0,3534165,0.16348495613532477,0.021549644682690255
24,2021,595237.02,76950.0,3560903,0.16715900994775765,0.021609687205745284
24,2022,617546.07,63235.97,3560903,0.17342400789911996,0.017758408471109717
24,2023,671883.03,53939.51,3560903,0.18868332835800358,0.015147705511776086
25,2006,281008.49,36596.95,3623215,0.07755777396593909,0.010100684060978991
25,2007,301021.96,63588.61,3682910,0.0817348129604036,0.017265860420156886
25,2008,341331.35,89659.66,3742604,0.09120156714415951,0.023956491255820816
25,2009,359084.68,112976.62,3769977,0.09524850682112915,0.029967456034877667
25,2010,444825.64,86559.83,3780646,0.11765863294262409,0.022895513094852046
25,2011,511689.33,58018.8,3791315,0.13496354958635726,0.015303080857169611
25,2012,588349.21,44717.21,3815171,0.15421306410643193,0.011720892720142819
25,2013,625181.69,54253.8,3914421,0.1597124300119992,0.013859980824750328
25,2014,686269.95,69928.45,3943885,0.17400861079874286,0.01773085422115503
25,2015,662396.75,131568.57,3972202,0.16675807272641222,0.033122326105268565
25,2016,694589.7,85045.44,3999415,0.17367282465060513,0.021264469928727076
25,2017,713021.85,76998.35,4025558,0.17712373042445295,0.019127373149262786
25,2018,637788.09,165184.08,3996496,0.159586820554806,0.04133222703087905
25,2019,653092.79,176961.58,4018127,0.16253662216251502,0.04404081304548114
25,2020,621657.74,146229.6,4039277,0.15390322079916777,0.036201924255256576
25,2021,663078.18,128742.35,4059905,0.16332357037910986,0.03171068042232515
25,2022,698823.66,124006.86,4059905,0.17212808181472228,0.030544276282326803
25,2023,760013.56,126411.4,4059905,0.1871998384198645,0.031136541372273487
26,2006,637645.57,107508.49,8502603,0.07499416002370098,0.01264418555117768
26,2007,621960.22,163306.06,8618400,0.07216655295646524,0.01894853569107955
26,2008,676940.04,280705.41,8734196,0.07750456252641914,0.03213866622640481
26,2009,701324.89,365487.16,8810256,0.07960323627372462,0.041484283771095865
26,2010,898932.82,315407.47,8837581,0.10171706714767309,0.035689344176873736
26,2011,1106865.97,184815.72,8864906,0.1248593013845832,0.020848018016209082
26,2012,1290226.16,163341.85,8931028,0.14446558223756548,0.018289255167490238
26,2013,1379495.06,153903.01,9208550,0.14980589343599154,0.01671305580140196
26,2014,1497221.78,148197.52,9277727,0.16137808107524612,0.015973472812899108
26,2015,1377723.97,278681.34,9345173,0.14742626701506756,0.029820886140898624
26,2016,1441149.79,205719.9,9410336,0.15314541266114196,0.021861057883586728
26,2017,1494982.01,208027.6,9473266,0.1578106230733941,0.0219594382760919
26,2018,1311137.67,372304.88,9496294,0.13806835277003848,0.03920528155509929
26,2019,1367866.54,347933.94,9557071,0.14312612514859416,0.03640591767080102
26,2020,1273074.01,264071.08,9616621,0.13238267474615045,0.02745986142117902
26,2021,1317326.97,241918.95,9674793,0.13616073956311003,0.02500507762801747
26,2022,1354426.64,216191.71,9674793,0.13999541282175235,0.022345874480208517
26,2023,1464095.65,214221.41,9674793,0.15133095354081477,0.02214222154417154
27,2006,168899.39,34903.25,3050652,0.05536501377410469,0.011441242724506105
27,2007,163490.35,51462.02,3089106,0.05292481060863564,0.01665919524936988
27,2008,172374.63,83104.32,3127560,0.05511473161186356,0.026571614933046852
27,2009,179400.47,104514.39,3156108,0.056842310212451536,0.033114959944336504
27,2010,245327.83,76100.45,3149746,0.07788813129693632,0.02416082122177471
27,2011,303096.08,53238.36,3143384,0.09642349773365265,0.016936638985246475
27,2012,363832.65,39553.57,3165472,0.11493788288128912,0.012495315074655533
27,2013,400517.97,34967.08,3300935,0.12133470365214703,0.010593083474833646
27,2014,441612.03,35657.59,3321730,0.13294639540239575,0.01073464429679715
27,2015,425872.69,58705.0,3340932,0.12747122359868443,0.017571444135947693
27,2016,453962.27,31762.0,3358963,0.13514952978047096,0.009455894572223629
27,2017,455660.7,35056.88,3375823,0.1349776632246418,0.010384691377480394
27,2018,417718.71,77575.13,3322820,0.12571210899176002,0.023346172829102993
27,2019,437071.22,73609.02,3337357,0.13096328022444106,0.022056082103293115
27,2020,423867.37,64922.41,3351543,0.12646932174225423,0.01937090170109708
27,2021,439772.33,69661.78,3365351,0.1306765119002446,0.020699707103360096
27,2022,466946.34,67536.72,3365351,0.13875115552582779,0.020068254396049624
27,2023,505126.35,64380.85,3365351,0.1500961861036189,0.019130500800659426
28,2006,170814.53,12774.68,2000738,0.08537576134406404,0.0063849839409257985
28,2007,176382.29,16849.14,2000056,0.08818867571707993,0.008424334118644678
28,2008,197333.27,29434.48,1999374,0.09869752732605305,0.01472184793840472
28,2009,210071.2,52496.42,2019679,0.10401217223132983,0.02599245721721125
28,2010,259063.29,39229.34,2054749,0.12608026089804644,0.019092035085550595
28,2011,298401.15,25245.97,2089819,0.14278803571026966,0.012080457685569899
28,2012,340092.12,21122.42,2110867,0.16111489733839224,0.010006513911108563
28,2013,366897.07,20763.23,2195662,0.16710088802374864,0.009456478273978417
28,2014,403098.47,21510.9,2219574,0.18161073701530112,0.009691454306096576
28,2015,390746.96,45478.3,2242937,0.17421218696735577,0.020276227107582603
28,2016,398251.99,25192.3,2265779,0.17576824129802598,0.011118604241631686
28,2017,401427.9,22413.35,2288116,0.1754403622893245,0.009795547952988396
28,2018,370116.04,48435.7,2278308,0.16245215308904679,0.021259504860624636
28,2019,380080.42,54119.38,2298696,0.16534610057180243,0.02354351336583872
28,2020,357524.12,40584.87,2318822,0.15418351214539106,0.01750236542520297
28,2021,366043.71,36890.18,2338474,0.15653101552550938,0.015775321855192745
28,2022,381713.74,32982.17,2338474,0.16323197948747772,0.014104142273978671
28,2023,418885.73,33878.36,2338474,0.17912781155574103,0.014487379376465164
29,2006,1006425.23,95525.76,13950146,0.07214442271786976,0.006847653063989437
29,2007,988911.79,173953.49,14226354,0.06951266571884827,0.01222755247057679
29,2008,1050094.4,369506.46,14502563,0.07240750479760025,0.025478700557963446
29,2009,1056462.81,541169.67,14637364,0.0721757558259807,0.03697179833746022
29,2010,1273406.05,498360.45,14367449,0.08863132557491592,0.034686773553189575
29,2011,1588825.7,254228.59,14097534,0.11270238468657,0.018033550406759084
29,2012,1842729.92,197612.31,14175341,0.12999545619396385,0.013940568343294175
29,2013,1943731.38,245539.53,15044137,0.12920191965813657,0.016321277185922994
29,2014,2145017.18,271186.74,15126371,0.141806463691787,0.0179280767343337
29,2015,2050793.53,508118.76,15203334,0.1348910396890577,0.03342153503961697
29,2016,2210592.76,306047.15,15276566,0.14470482175117103,0.0200337660963858
29,2017,2251135.71,277356.95,15344447,0.14670686470486685,0.018075395613800876
29,2018,2010769.64,501277.13,14812617,0.13574708912003866,0.03384122670558484
29,2019,2043682.94,594999.6,14873064,0.13740833361572302,0.04000517983382577
29,2020,2001075.8,494275.91,14930634,0.13402483779322433,0.03310481725022527
29,2021,2064159.04,465818.99,14985284,0.1377457404210691,0.031085095884735986
29,2022,2148656.52,465908.84,14985284,0.1433844376923387,0.031091091767096308
29,2023,2336946.25,472202.86,14985284,0.1559494134378768,0.03151110516157051
31,2006,2698050.56,371414.32,19479356,0.13850820119515245,0.01906707388067655
31,2007,2827568.22,602743.95,19664708,0.14378897566137266,0.03065105009441279
31,2008,2924880.57,957199.81,19850060,0.1473487017167706,0.04822150713902124
31,2009,3008093.69,1204429.53,20033665,0.15015194124489953,0.06012027904030541
31,2010,3677903.76,838161.04,19881183,0.1849942108575732,0.04215850938045287
31,2011,4099918.36,568764.82,19728701,0.20781491695778653,0.028829309136977642
31,2012,4459305.49,524092.21,19855332,0.22458982252223234,0.026395539999028977
31,2013,4655426.52,726896.12,20593356,0.22606448992577993,0.03529760375142352
31,2014,4986074.28,749658.98,20734097,0.24047704030708453,0.03615585380930744
31,2015,4296429.03,1789938.3,20869101,0.20587513712258138,0.0857697847166488
31,2016,4512741.38,1447289.1,20997560,0.21491741802380848,0.06892653717860552
31,2017,4570210.88,1468581.61,21119536,0.2163973147894916,0.06953664180879732
31,2018,3572714.95,2488314.95,21040662,0.16980050104887384,0.11826219868937585
31,2019,3300671.72,3190914.71,21168791,0.15592159797883592,0.15073674779065085
31,2020,3239443.27,2743683.85,21292666,0.15213892285728806,0.12885581589454323
31,2021,3690060.85,2331020.92,21411923,0.17233673266992414,0.10886555682084229
31,2022,4282417.37,1913184.37,21411923,0.20000153045571853,0.08935135671840405
31,2023,4793983.96,1864915.59,21411923,0.22389320006428193,0.087097062230235
32,2006,461645.14,42426.78,3464285,0.13325841840379762,0.012246908092145998
32,2007,474983.77,70831.09,3458966,0.13731958336682118,0.020477532881213633
32,2008,485291.81,137246.77,3453646,0.14051579403332015,0.0397396751143574
32,2009,511197.59,172831.93,3487199,0.14659260627225462,0.04956182024599112
32,2010,638223.62,85759.13,3517127,0.18146163615928568,0.024383290680148884
32,2011,715752.59,55732.65,3547055,0.20178784653747966,0.01571237265844482
32,2012,821777.45,47371.0,3578067,0.22967078313513972,0.013239271371944684
32,2013,861718.45,41948.7,3839366,0.22444290281259976,0.010925944543968977
32,2014,934933.59,42008.75,3885049,0.24064911150412774,0.010812926683807591
32,2015,917021.22,63513.2,3929911,0.2333440172054787,0.016161485590895062
32,2016,947149.01,41293.6,3973697,0.23835461284541826,0.010391733441175811
32,2017,937560.44,33730.63,4016356,0.23343559186486457,0.008398316782675639
32,2018,909645.08,53054.62,3972388,0.22899200178834495,0.013355850435556649
32,2019,932664.15,61911.12,4018650,0.23208394610130267,0.015405949759247509
32,2020,904269.24,40861.24,4064052,0.22250434787743859,0.010054310328706424
32,2021,1040631.46,53869.41,4108508,0.25328694990979694,0.013111672169069648
32,2022,1005041.94,44001.58,4108508,0.2446245547045302,0.010709868399915492
32,2023,1003131.81,65648.28,4108508,0.24415963410561695,0.015978618028734518
33,2006,1660802.99,224254.94,15561720,0.10672361345661019,0.014410678254074742
33,2007,1635151.71,359404.27,15717041,0.10403686737217266,0.02286717137150689
33,2008,1616429.48,677059.6,15872362,0.10183925240616362,0.04265651199235501
33,2009,1636890.68,872813.85,16010429,0.10223902682432806,0.05451533185025835
33,2010,1867262.45,746457.54,16061554,0.1162566492632033,0.046474801877825773
33,2011,2280077.81,531759.96,16112678,0.14150830855057117,0.033002580948989356
33,2012,2470659.32,435277.07,16231365,0.15221512916504557,0.026817034180427832
33,2013,2616821.21,583074.86,16369179,0.159862703560148,0.035620287370551694
33,2014,2861013.38,590305.33,16461173,0.17380373682969008,0.03586046571529258
33,2015,2733573.24,664315.16,16550024,0.16517034899768124,0.04013983061293446
33,2016,2684903.52,480808.2,16635996,0.16139120975984847,0.028901678023966825
33,2017,2522844.54,473762.91,16718956,0.15089725339309465,0.028336871632415325
33,2018,2001603.03,746351.28,17159960,0.11664380511376483,0.04349376571973362
33,2019,2033178.94,796981.16,17264943,0.11776343194414253,0.04616181820003692
33,2020,1854930.42,563744.29,17366189,0.10681275091501077,0.03246217635890062
33,2021,1852349.68,585565.77,17463349,0.1060707015590194,0.033531126818802055
33,2022,2093310.86,558769.67,17463349,0.11986880981420002,0.03199670750438533
33,2023,2433867.41,707960.96,17463349,0.13937002633343698,0.04053981627464468
35,2006,7041660.74,3743678.35,41055734,0.17151467173866627,0.09118527390108286
35,2007,7153912.53,5545120.15,41033686,0.1743424300220068,0.13513580403183864
35,2008,7020308.36,7251252.89,41011638,0.17117844354326936,0.17680963852260667
35,2009,6696778.62,8609999.21,41384039,0.16182032449756778,0.2080512056834279
35,2010,7436236.66,8374256.7,41485610,0.17924857944718664,0.20185931218077788
35,2011,9461875.41,6490307.28,41587182,0.22751903242686652,0.15606508947877257
35,2012,10305844.77,5834459.53,41901219,0.24595572672957317,0.13924319313956
35,2013,10476822.09,6656752.87,43663669,0.23994369529505183,0.15245518808783567
35,2014,10849785.85,7576593.25,44035304,0.24638834899379825,0.17205724865666874
35,2015,9436733.19,9456061.06,44396484,0.2125558679376502,0.21299121479980263
35,2016,9990516.46,8356468.94,44749699,0.22325326612811408,0.18673799213710912
35,2017,10472113.33,7688115.25,45094866,0.23222407025225444,0.17048759497367172
35,2018,8425692.44,9956761.3,45538936,0.18502172382771526,0.21864281809307096
35,2019,7947691.13,11673779.17,45919049,0.1730804819150327,0.25422519464634385
35,2020,7176931.3,10139673.62,46289333,0.1550450359697341,0.21904989687364904
35,2021,8848800.97,8466774.43,46649132,0.18968843771841243,0.18149907762485268
35,2022,10007241.41,7946050.39,46649132,0.21452149227556902,0.1703365110844935
35,2023,10468876.86,8147577.58,46649132,0.22441739880604852,0.1746565741030294
41,2006,1645806.4,520583.66,10387378,0.15844291023201426,0.05011694577784692
41,2007,1639229.44,701253.42,10488774,0.15628417963815408,0.0668575202402111
41,2008,1699665.49,904330.3,10590171,0.16049462185265942,0.08539336144808238
41,2009,1604062.92,1193029.92,10686247,0.1501053569134234,0.11164161936365498
41,2010,1885665.17,1347000.53,10599298,0.1779047225580411,0.1270839380117438
41,2011,2403005.27,811371.73,10512349,0.22858880255973238,0.07718272386124167
41,2012,2771272.22,814623.78,10577755,0.26199058495871763,0.07701291814756533
41,2013,2752702.11,1128902.48,10997465,0.2503033299037551,0.10265115460699352
41,2014,2886674.1,1235720.77,11081692,0.2604903745745686,0.11151011686663012
41,2015,2591179.51,1690431.63,11163018,0.23212177119126742,0.15143141666527815
41,2016,2881573.09,1245240.13,11242720,0.2563056884810793,0.11075968537862722
41,2017,3065370.17,1067031.32,11320892,0.27077108146601875,0.09425329028843311
41,2018,2535773.94,1566082.41,11348937,0.22343713248209943,0.1379937530713229
41,2019,2514962.03,1776444.4,11433957,0.2199555263326598,0.15536567086967354
41,2020,2491379.57,1329473.3,11516840,0.21632492680283827,0.11543733350467664
41,2021,2798206.39,1010990.77,11597484,0.24127702094695713,0.087173284308907
41,2022,3185490.6,835763.03,11597484,0.27467083377739515,0.07206416753840747
41,2023,3380217.19,913048.67,11597484,0.2914612505608975,0.07872816810956584
42,2006,1478528.47,193058.54,5958266,0.24814744256130894,0.03240179944970567
42,2007,1339062.33,242397.14,6005426,0.22297541090340636,0.04036302170736931
42,2008,1375977.99,376158.48,6052587,0.2273371683876663,0.06214838051894173
42,2009,1451702.97,498649.85,6118743,0.2372550979833603,0.08149547219093856
42,2010,1787184.72,290593.44,6217898,0.28742586642624246,0.046734996296175974
42,2011,2008653.52,123082.12,6317054,0.3179731438103901,0.01948410129151975
42,2012,2225459.46,94663.11,6362734,0.34976465462802625,0.014877741235135715
42,2013,2364078.62,110495.72,6634254,0.35634430336854755,0.01665533457115148
42,2014,2571463.1,107772.36,6727148,0.38225160201618874,0.016020512704640957
42,2015,2560629.76,157132.54,6819190,0.3755035070147627,0.023042698619630778
42,2016,2700772.29,74866.3,6910553,0.39081854809593386,0.010833619248705567
42,2017,2807016.35,67385.11,7001161,0.4009358376417854,0.009624847935935196
42,2018,2750212.92,96304.71,7075494,0.38869553419167624,0.013611022778056205
42,2019,2885318.42,81554.81,7164788,0.4027081359560115,0.01138272479241535
42,2020,2636645.8,77382.63,7252502,0.36354982046195916,0.010669784027636256
42,2021,2839222.85,61846.72,7338473,0.38689559122177053,0.008427736942004148
42,2022,2960876.27,56621.99,7338473,0.4034730753932051,0.007715772749998535
42,2023,3103228.46,101661.22,7338473,0.4228711422662453,0.0138531844431396
43,2006,1898189.9,158758.98,10963219,0.17314165666124154,0.014481055244814503
43,2007,1967365.6,220297.42,10909224,0.1803396465229791,0.02019368380372426
43,2008,2121884.89,324890.4,10855228,0.1954712411383713,0.029929394389505225
43,2009,2245512.8,403028.33,10914128,0.20574367462063847,0.036927213058157285
43,2010,2582903.54,240893.3,10823579,0.238636733745834,0.02225634422772726
43,2011,2813757.28,137121.91,10733030,0.26215870821194015,0.012775694282043375
43,2012,3081486.6,115215.87,10768025,0.2861700822574242,0.01069981449708744
43,2013,3297196.15,111449.65,11164043,0.2953406888525958,0.009982911208779829
43,2014,3552611.8,114072.73,11207274,0.31699160741496996,0.010178454635801712
43,2015,3494738.69,167631.84,11247972,0.3106994478649129,0.014903294567233986
43,2016,3463356.22,68922.76,11286500,0.30685830151065435,0.0061066548531431356
43,2017,3594255.28,54731.47,11322895,0.31743253646704306,0.004833699332193755
43,2018,3461000.8,69212.42,11329605,0.30548291842478176,0.006108987912641262
43,2019,3553480.34,53036.35,11377239,0.3123323980449035,0.004661618693252378
43,2020,3178280.53,34970.56,11422973,0.27823584368097515,0.003061423676655806
43,2021,3269749.53,34293.31,11466630,0.2851534871187088,0.002990705202836404
43,2022,3602295.12,32924.16,11466630,0.31415464875033033,0.0028713022047454225
43,2023,3825753.14,54927.69,11466630,0.333642329088843,0.004790220840822456
50,2006,318707.13,65292.34,2297981,0.1386900631467362,0.02841291551148595
50,2007,328961.32,105473.42,2317020,0.14197603818698157,0.04552115216959715
50,2008,356358.49,166280.15,2336060,0.15254680530465828,0.07117974281482496
50,2009,372538.16,207976.53,2360498,0.1578218494571908,0.08810705622288179
50,2010,451271.24,168271.84,2419020,0.186551264561682,0.06956198791246042
50,2011,552064.64,105792.03,2477542,0.22282756054185965,0.04270039821726534
50,2012,643255.26,90758.84,2500365,0.257264543376667,0.036298236457477207
50,2013,671116.67,130868.23,2587269,0.25939191866017797,0.05058160941131363
50,2014,717740.23,156077.91,2619657,0.27398252137589,0.059579521288474026
50,2015,663753.43,231696.16,2651235,0.25035631696171784,0.08739178533777654
50,2016,741872.02,116193.77,2682386,0.27657168655070524,0.043317318983919544
50,2017,766623.34,91062.74,2713147,0.2825587187129927,0.03356351130255751
50,2018,712686.89,133379.73,2748023,0.2593453147954002,0.04853661341262428
50,2019,768148.2,108582.65,2778986,0.2764131233478686,0.03907275891278329
50,2020,697962.96,145726.61,2809394,0.2484389729600049,0.05187119001464372
50,2021,676391.5,178373.46,2839188,0.23823413595718212,0.06282551912729978
50,2022,769521.63,147229.33,2839188,0.27103581376083585,0.05185613985407095
50,2023,815140.08,197069.11,2839188,0.28710324219459926,0.06941037719235217
51,2006,364957.36,72465.48,2856999,0.12774150778491697,0.02536419508722264
51,2007,347660.4,107203.41,2907367,0.11957912434171539,0.03687302291042032
51,2008,355889.16,276849.04,2957735,0.1203248972609108,0.09360170535899937
51,2009,354940.57,393940.62,3001692,0.11824683212001764,0.13123952091020663
51,2010,393806.62,416311.03,3038814,0.12959220932903429,0.1369978649565258
51,2011,488407.84,338644.59,3075936,0.15878348574222612,0.11009481016510098
51,2012,593011.55,371859.1,3115336,0.1903523568565317,0.11936404291543512
51,2013,586942.4,488525.36,3182113,0.18445052077031834,0.15352231677504852
51,2014,662409.15,514044.56,3224357,0.20543914647168413,0.15942544823665616
51,2015,565513.12,699298.94,3265486,0.17317885300993482,0.2141485034693151
51,2016,616554.18,599949.58,3305531,0.18652197786074312,0.1814987002088318
51,2017,623823.98,674441.99,3344544,0.18651989030492647,0.20165439294564522
51,2018,521857.27,840622.76,3441998,0.1516146348719552,0.24422523197282509
51,2019,475309.09,1000070.52,3484466,0.13640801488664261,0.28700825894125526
51,2020,501812.77,915611.4,3526220,0.1423089795872067,0.259658047427557
51,2021,610110.26,845394.53,3567234,0.17103174616523614,0.2369888070140619
51,2022,663867.54,837740.62,3567234,0.18610148367054138,0.23484319223241312
51,2023,680386.95,942548.1,3567234,0.19073235733904756,0.26422379356106157
52,2006,890038.41,238581.38,5730753,0.15530915570781012,0.041631768111450626
52,2007,880459.81,435305.54,5787874,0.1521214542680093,0.07520991991187091
52,2008,921928.73,610591.29,5844995,0.15772960113738335,0.10446395420355364
52,2009,951247.64,773681.48,5926300,0.16051290687275366,0.1305505087491352
52,2010,1083507.32,851077.09,6003508,0.18047903325855486,0.14176329739212473
52,2011,1256556.81,705069.38,6080716,0.20664619265231265,0.11595170371383896
52,2012,1446209.17,688742.69,6154996,0.234965086898513,0.11189977865135899
52,2013,1529630.01,852546.53,6434048,0.23773991272679346,0.13250546623214499
52,2014,1639888.52,926225.81,6523222,0.2513924131357173,0.1419890063529955
52,2015,1469880.46,1240762.2,6610681,0.22234932528131368,0.1876905268912537
52,2016,1531089.1,1058503.03,6695855,0.22866222461507904,0.15808332617716483
52,2017,1559199.29,1021975.22,6778772,0.23001205675600242,0.15076111425491223
52,2018,1223071.02,1516564.95,6921161,0.17671471881668407,0.21912002191539828
52,2019,1141131.4,1752876.3,7018354,0.16259245401414632,0.249756039664001
52,2020,1131572.92,1557748.92,7113540,0.15907310846638945,0.2189836452736612
52,2021,1278601.23,1474010.28,7206589,0.1774211391824898,0.20453647072144673
52,2022,1434388.54,1382294.29,7206589,0.19903848269965166,0.1918097854616102
52,2023,1638113.9,1364285.24,7206589,0.22730780123578573,0.1893108154218313
53,2006,736015.53,80855.56,2383784,0.3087593213143473,0.033918996016417596
53,2007,731690.26,150221.38,2470472,0.29617427762791887,0.060806752717699294
53,2008,773089.44,174775.87,2557159,0.3023235708065083,0.0683476741180349
53,2009,761670.98,239353.89,2606885,0.2921766706241357,0.091816052491767
53,2010,899566.91,134134.6,2608442,0.3448675147846876,0.05142326338864349
53,2011,1002018.08,84019.78,2609998,0.38391526736802095,0.032191511257863036
53,2012,1079078.0,58133.63,2648532,0.4074249433270959,0.021949377995055374
53,2013,1123062.26,78017.27,2789761,0.40256576100963487,0.027965574828811502
53,2014,1172428.68,73914.06,2852372,0.41103638655827496,0.025913190846074775
53,2015,1122267.15,112377.1,2914830,0.3850197610152221,0.038553569161837914
53,2016,1199588.7,42982.15,2977216,0.40292296561619984,0.014437027746727144
53,2017,1266124.91,41289.32,3039444,0.4165646447179155,0.01358449769102507
53,2018,1090790.63,167629.38,2974703,0.36668891986863894,0.056351635776748135
53,2019,1123114.42,177843.81,3015268,0.37247581972813026,0.05898109554440932
53,2020,946625.38,149771.1,3055149,0.30984589622306474,0.049022519032623287
53,2021,985314.35,115540.94,3094325,0.3184262642094802,0.03733962657445485
53,2022,1045611.31,86799.4,3094325,0.33791256897707905,0.028051158168582807
53,2023,1056571.76,187717.5,3094325,0.34145468236206605,0.0606650885088024
