i,t,Sg,Se,Pop,Sg_pc,Ve,V,Mi_c,Mi_e,Pg,Pe,Pd,l1_Pg,l1_Pe,l1_Pd,l2_Pg,l2_Pe,l2_Pd,gdp_pc,l1_gdp_pc,Temp_10,elec_cost,stations
11,2006,180781.71,10618.08,1562417,0.11570644072613137,0,222032.0,0.14210802877848872,0.0,2.73,2.14,2.08,2.6507,1.8668,1.9597,2.6162,1.755,1.7659,11.2562,11.7278,0.0,0.28,0.0
11,2007,192110.87,21534.12,1527991,0.12572774970533204,0,252790.0,0.16543945612245098,0.0,2.5656,1.8189,1.9816,2.73,2.14,2.08,2.6507,1.8668,1.9597,11.4742,11.2562,0.0,0.3086666666666667,0.0
11,2008,211211.34,40583.8,1493565,0.14141422703397574,0,295349.0,0.19774767084124226,0.0,2.4498,1.6814,2.0068,2.5656,1.8189,1.9816,2.73,2.14,2.08,13.4659,11.4742,0.0,0.3373333333333334,0.0
11,2009,233616.64,57187.67,1503928,0.15533764914277812,1,343361.0,0.2283094669425664,0.0006649254485587076,2.3225,1.6119,1.9672,2.4498,1.6814,2.0068,2.5656,1.8189,1.9816,14.2204,13.4659,0.0,0.366,0.0
11,2010,286145.9,40080.72,1540192,0.18578586306122874,1,394280.0,0.25599405788369245,0.0006492697014398205,2.2666,1.6856,1.8247,2.3225,1.6119,1.9672,2.4498,1.6814,2.0068,14.3721,14.2204,0.0,0.39466666666666667,0.0
11,2011,325210.12,26509.16,1576455,0.20629204132055784,8,446685.0,0.2833477644461783,0.005074677044381222,2.2742,1.8209,1.7134,2.2666,1.6856,1.8247,2.3225,1.6119,1.9672,16.1483,14.3721,0.0,0.42333333333333334,0.0
11,2012,365370.29,19696.68,1590011,0.2297910454707546,12,492911.0,0.3100047735518811,0.007547117598557494,2.1415,1.7495,1.6261,2.2742,1.8209,1.7134,2.2666,1.6856,1.8247,16.1976,16.1483,0.0,0.452,0.0
11,2013,378462.95,20747.51,1728214,0.21899079049238115,25,531964.0,0.30781141687314184,0.014465801110279166,2.0974,1.6793,1.7067,2.1415,1.7495,1.6261,2.2742,1.8209,1.7134,14.3264,16.1976,0.0,0.4806666666666667,0.0
11,2014,406947.37,18135.06,1748531,0.2327367201382189,50,569724.0,0.32583008250926065,0.02859543239439278,2.0612,1.6941,1.7778,2.0974,1.6793,1.7067,2.1415,1.7495,1.6261,14.3572,14.3264,0.0,0.5093333333333333,0.0
11,2015,416855.03,29194.54,1768204,0.2357505299162314,77,601181.0,0.3399952720387467,0.04354701154391688,2.0895,1.6122,1.8101,2.0612,1.6941,1.7778,2.0974,1.6793,1.7067,14.181,14.3572,0.0,0.538,0.0
11,2016,431573.74,14528.65,1787279,0.24146970898220144,113,625604.0,0.3500315283735779,0.06322460007642904,2.1246,1.8563,1.807,2.0895,1.6122,1.8101,2.0612,1.6941,1.7778,14.0062,14.181,0.0,0.5666666666666667,0.0
11,2017,436154.44,11331.85,1805788,0.24153136470061823,225,648227.0,0.3589718172897372,0.12459934388754383,2.101,1.835,1.7659,2.1246,1.8563,1.807,2.0895,1.6122,1.8101,14.7461,14.0062,0.0,0.5953333333333333,0.0
11,2018,427769.57,15640.01,1757589,0.2433843008803537,354,676112.0,0.38468151541685797,0.20141227556613064,2.3019,1.9122,1.902,2.101,1.835,1.7659,2.1246,1.8563,1.807,14.9647,14.7461,0.0,0.624,26.0
11,2019,440066.88,15469.21,1777225,0.24761461266862667,738,704059.0,0.39615636737047927,0.4152541180773397,2.2166,1.8578,1.8873,2.3019,1.9122,1.902,2.101,1.835,1.7659,14.8879,14.9647,0.0,0.6526666666666667,220.0
11,2020,430076.78,12244.93,1796460,0.2394023691036817,1433,727072.0,0.40472484775614265,0.797679881544816,2.0596,1.7257,1.7116,2.2166,1.8578,1.8873,2.3019,1.9122,1.902,15.1572,14.8879,0.0,0.6813333333333333,400.0
11,2021,439880.44,12567.02,1815278,0.24232125327360327,2489,749237.0,0.41273953631344623,1.3711398474503629,2.5037,2.1362,2.0636,2.0596,1.7257,1.7116,2.2166,1.8578,1.8873,14.9584,15.1572,0.0,0.71,800.0
12,2006,54125.47,4135.93,686652,0.0788251836446992,0,58688.0,0.08546978673330886,0.0,2.94,2.26,2.29,2.7435,2.0112,2.1556,2.6925,2.0167,1.9404,9.1462,9.2366,1.0,0.32,0.0
12,2007,59986.73,6373.69,683364,0.08778151907329038,0,68508.0,0.10025111068186209,0.0,2.7953,1.9816,2.1731,2.94,2.26,2.29,2.7435,2.0112,2.1556,9.9975,9.1462,1.0,0.354,0.0
12,2008,69961.95,9511.65,680075,0.10287387420505091,0,80705.0,0.11867073484542146,0.0,2.6848,1.8983,2.1876,2.7953,1.9816,2.1731,2.94,2.26,2.29,10.9672,9.9975,1.0,0.388,0.0
12,2009,75724.2,11952.01,691132,0.10956546651001545,0,95982.0,0.13887650984182473,0.0,2.5739,1.8286,2.1319,2.6848,1.8983,2.1876,2.7953,1.9816,2.1731,11.6212,10.9672,1.0,0.42200000000000004,0.0
12,2010,94983.8,9494.53,718759,0.1321497191687339,1,112888.0,0.15705959855807022,0.0013912869264941377,2.4466,1.972,1.9802,2.5739,1.8286,2.1319,2.6848,1.8983,2.1876,11.3587,11.6212,1.0,0.456,0.0
12,2011,106948.78,8584.56,746386,0.14328883446366894,5,127609.0,0.17096917680663892,0.006698946657627555,2.3895,1.9131,1.9285,2.4466,1.972,1.9802,2.5739,1.8286,2.1319,11.0695,11.3587,0.0,0.49,0.0
12,2012,118891.75,5745.5,758786,0.15668679970373728,8,141181.0,0.18606168274058826,0.010543157095676515,2.2721,1.8293,1.8874,2.3895,1.9131,1.9285,2.4466,1.972,1.9802,11.427,11.0695,0.0,0.524,0.0
12,2013,125329.99,6024.83,776463,0.1614114130357789,20,153489.0,0.19767715911769138,0.025757827481798876,2.2276,1.8095,1.9329,2.2721,1.8293,1.8874,2.3895,1.9131,1.9285,11.7562,11.427,0.0,0.558,0.0
12,2014,138151.75,3699.01,790101,0.1748532782517678,44,166165.0,0.21030855548847552,0.05568908278814987,2.1965,1.8358,1.9775,2.2276,1.8095,1.9329,2.2721,1.8293,1.8874,12.5658,11.7562,0.0,0.5920000000000001,0.0
12,2015,140258.84,7384.5,803513,0.1745570264575682,63,177673.0,0.22112025567725724,0.07840570096563465,2.235,1.781,1.9731,2.1965,1.8358,1.9775,2.2276,1.8095,1.9329,11.627,12.5658,0.0,0.6260000000000001,0.0
12,2016,136817.74,7603.71,816687,0.16752775543139536,86,186035.0,0.22779228762059395,0.10530350060671959,2.2396,1.8344,1.9658,2.235,1.781,1.9731,2.1965,1.8358,1.9775,10.684,11.627,0.0,0.66,0.0
12,2017,136592.56,6748.5,829619,0.16464492737027478,161,194634.0,0.23460648803848513,0.19406498645763898,2.3244,1.9414,2.0318,2.2396,1.8344,1.9658,2.235,1.781,1.9731,10.5276,10.684,0.0,0.694,0.0
12,2018,133872.32,8533.39,869265,0.1540063386884322,244,204417.0,0.2351607392452244,0.28069691060838753,2.5531,2.0148,2.2455,2.3244,1.9414,2.0318,2.2396,1.8344,1.9658,10.3282,10.5276,0.0,0.728,26.0
12,2019,138001.4,7903.02,881935,0.15647570399179078,493,214462.0,0.2431721158588785,0.5589981121057674,2.3837,1.9414,2.2657,2.5531,2.0148,2.2455,2.3244,1.9414,2.0318,9.9577,10.3282,0.0,0.762,220.0
12,2020,136417.72,6541.79,894470,0.15251234809440228,919,223310.0,0.2496562210023813,1.0274240611758918,2.2665,1.8574,2.116,2.3837,1.9414,2.2657,2.5531,2.0148,2.2455,9.7206,9.9577,0.0,0.796,400.0
12,2021,138568.1,6970.54,906876,0.1527971850616843,1831,231718.0,0.25551233024140013,2.0190191382283795,2.7002,2.2644,2.5037,2.2665,1.8574,2.116,2.3837,1.9414,2.2657,11.0021,9.7206,0.0,0.83,800.0
13,2006,332061.53,16265.73,3311026,0.10028961717606567,0,245586.0,0.07417217502973399,0.0,2.56,2.05,1.99,2.6507,1.8875,1.8978,2.311,1.6896,1.7114,16.2477,15.1219,0.0,0.28,0.0
13,2007,354301.33,32504.39,3326060,0.10652283181902912,0,275584.0,0.08285599177405098,0.0,2.3645,1.6944,1.8955,2.56,2.05,1.99,2.6507,1.8875,1.8978,16.2257,16.2477,0.0,0.31733333333333336,0.0
13,2008,388553.26,54703.03,3341094,0.11629521947002988,0,309201.0,0.09254483711023993,0.0,2.2057,1.6091,1.9255,2.3645,1.6944,1.8955,2.56,2.05,1.99,16.756,16.2257,0.0,0.3546666666666667,0.0
13,2009,403312.31,79600.73,3393369,0.11885306608270424,1,344538.0,0.10153272455780671,0.00029469238388162326,2.2272,1.5686,1.8806,2.2057,1.6091,1.9255,2.3645,1.6944,1.8955,16.1546,16.756,0.0,0.392,0.0
13,2010,468688.2,54875.69,3465878,0.13522928389285485,2,385963.0,0.11136081535472397,0.0005770543567892465,2.1357,1.6611,1.7429,2.2272,1.5686,1.8806,2.2057,1.6091,1.9255,16.8908,16.1546,0.0,0.42933333333333334,0.0
13,2011,521355.1,40517.31,3538387,0.14734258858626825,9,427610.0,0.12084885005512398,0.0025435318409207357,2.1359,1.7595,1.6596,2.1357,1.6611,1.7429,2.2272,1.5686,1.8806,18.4554,16.8908,0.0,0.4666666666666667,0.0
13,2012,569396.75,40069.26,3590985,0.15856283164647025,13,467196.0,0.13010246492257696,0.003620176636772362,2.0979,1.6914,1.5825,2.1359,1.7595,1.6596,2.1357,1.6611,1.7429,17.2061,18.4554,0.0,0.504,0.0
13,2013,590749.21,47011.25,3807921,0.1551369395531052,30,509655.0,0.13384074932226797,0.007878314702432115,2.0494,1.6656,1.6244,2.0979,1.6914,1.5825,2.1359,1.7595,1.6596,17.3513,17.2061,0.0,0.5413333333333333,0.0
13,2014,627353.97,50438.88,3873743,0.16195033330812084,58,550827.0,0.14219502945858825,0.014972598853357076,2.0354,1.6361,1.6747,2.0494,1.6656,1.6244,2.0979,1.6914,1.5825,16.5044,17.3513,0.0,0.5786666666666667,0.0
13,2015,617203.43,78600.59,3938336,0.15671680374655694,82,580127.0,0.14730256636305283,0.020820976168615373,2.1011,1.6239,1.7403,2.0354,1.6361,1.6747,2.0494,1.6656,1.6244,15.0743,16.5044,0.0,0.616,0.0
13,2016,634172.72,38370.91,4001667,0.15847713465413288,114,599668.0,0.14985454811707222,0.028488127572834022,2.0425,1.8015,1.7358,2.1011,1.6239,1.7403,2.0354,1.6361,1.6747,14.1155,15.0743,0.0,0.6533333333333333,0.0
13,2017,644424.52,38859.03,4063614,0.1585840879571731,215,621934.0,0.15304947763247198,0.05290856857959442,2.0265,1.7446,1.7074,2.0425,1.8015,1.7358,2.1011,1.6239,1.7403,14.0405,14.1155,0.0,0.6906666666666667,0.0
13,2018,614179.33,90530.92,4080611,0.15051160965845556,340,650030.0,0.15929722289137582,0.08332085562676766,2.307,1.8046,1.82,2.0265,1.7446,1.7074,2.0425,1.8015,1.7358,14.3666,14.0405,0.0,0.728,26.0
13,2019,647740.53,102044.67,4144597,0.15628552788123912,727,684089.0,0.16505561336844088,0.17540909285028194,2.0741,1.6514,1.8185,2.307,1.8046,1.82,2.0265,1.7446,1.7074,14.6657,14.3666,0.0,0.7653333333333333,220.0
13,2020,625946.68,112895.73,4207714,0.1487616981572417,1376,714807.0,0.16988012968562027,0.3270184237807037,2.0079,1.5894,1.6411,2.0741,1.6514,1.8185,2.307,1.8046,1.82,14.5506,14.6657,0.0,0.8026666666666666,400.0
13,2021,608234.64,130812.71,4269995,0.14244387639798173,2393,743737.0,0.17417748732726854,0.5604222018995338,2.4097,1.9098,1.9483,2.0079,1.5894,1.6411,2.0741,1.6514,1.8185,14.379,14.5506,0.0,0.84,800.0
14,2006,48344.95,1299.0,403344,0.11986034253639573,0,51110.0,0.1267156571065889,0.0,2.86,2.23,2.25,2.6404,2.1041,2.135,2.2783,1.7659,1.8313,12.7002,11.7386,0.0,0.29,0.0
14,2007,52591.94,2256.27,408064,0.12888159700439147,0,59608.0,0.14607512547051443,0.0,2.5273,1.972,2.1061,2.86,2.23,2.25,2.6404,2.1041,2.135,12.3891,12.7002,0.0,0.32,0.0
14,2008,62254.19,2865.82,412783,0.15081577971961055,0,69169.0,0.16756746280733462,0.0,2.4317,1.9345,2.1695,2.5273,1.972,2.1061,2.86,2.23,2.25,13.648,12.3891,0.0,0.35,0.0
14,2009,74627.01,2908.07,421499,0.17705145207936435,1,79126.0,0.18772523778229605,0.002372484869477745,2.3399,1.8719,2.1145,2.4317,1.9345,2.1695,2.5273,1.972,2.1061,14.5902,13.648,0.0,0.38,0.0
14,2010,85768.4,2756.32,440832,0.19456028600464575,1,90637.0,0.20560440258420443,0.002268437862950058,2.3157,1.8902,1.9556,2.3399,1.8719,2.1145,2.4317,1.9345,2.1695,14.4117,14.5902,0.0,0.41,0.0
14,2011,88273.25,2486.82,460165,0.1918295611356796,7,100239.0,0.2178327339106625,0.015211934849456174,2.182,1.8824,1.8055,2.3157,1.8902,1.9556,2.3399,1.8719,2.1145,14.653,14.4117,0.0,0.44,0.0
14,2012,99430.0,1928.8,469524,0.21176766256889956,10,109304.0,0.232797471481756,0.021298165801961134,2.0834,1.8584,1.735,2.182,1.8824,1.8055,2.3157,1.8902,1.9556,14.0469,14.653,0.0,0.47,0.0
14,2013,108861.3,1822.8,488072,0.22304352636496255,26,118354.0,0.242492910882001,0.053270828894097594,2.0631,1.8506,1.7958,2.0834,1.8584,1.735,2.182,1.8824,1.8055,14.6876,14.0469,0.0,0.5,0.0
14,2014,122815.08,1953.6,496936,0.24714466249174943,50,127489.0,0.2565501392533445,0.10061657839238855,1.9968,1.7778,1.7971,2.0631,1.8506,1.7958,2.0834,1.8584,1.735,14.4647,14.6876,0.0,0.53,0.0
14,2015,123890.24,2902.4,505665,0.24500457812978949,76,135649.0,0.26825862972521336,0.1502971334776977,2.072,1.7752,1.7985,1.9968,1.7778,1.7971,2.0631,1.8506,1.7958,13.8916,14.4647,0.0,0.56,0.0
14,2016,129943.6,1448.4,514229,0.25269597786200315,110,142140.0,0.2764138156346686,0.21391247868167684,2.1246,2.0151,1.7796,2.072,1.7752,1.7985,1.9968,1.7778,1.7971,13.5866,13.8916,0.0,0.5900000000000001,0.0
14,2017,137423.77,1016.6,522636,0.26294355918842177,217,147813.0,0.28282207884646293,0.41520293282514026,1.9999,1.9467,1.734,2.1246,2.0151,1.7796,2.072,1.7752,1.7985,14.1726,13.5866,0.0,0.62,0.0
14,2018,140968.56,2000.0,576568,0.24449598312774903,321,153347.0,0.2659651593567454,0.5567426565470162,2.184,1.9276,1.8456,1.9999,1.9467,1.734,2.1246,2.0151,1.7796,13.5795,14.1726,0.0,0.65,26.0
14,2019,153676.13,1663.2,605761,0.2536910266590289,657,159457.0,0.2632341798167924,1.0845861651707522,2.02,1.8627,1.8037,2.184,1.9276,1.8456,1.9999,1.9467,1.734,13.2566,13.5795,0.0,0.6799999999999999,220.0
14,2020,156555.17,1555.8,631181,0.24803530207658345,1267,165407.0,0.2620595360126493,2.007348129934203,1.8762,1.7399,1.6787,2.02,1.8627,1.8037,2.184,1.9276,1.8456,13.3975,13.2566,0.0,0.71,400.0
14,2021,167862.0,2564.15,652713,0.257175818468454,2166,171158.0,0.2622255110592251,3.3184569634739924,2.3499,2.1021,2.0551,1.8762,1.7399,1.6787,2.02,1.8627,1.8037,13.0178,13.3975,0.0,0.74,800.0
15,2006,435939.38,10367.0,7110465,0.06130954585951833,0,396594.0,0.05577609903149794,0.0,2.66,2.32,1.94,2.5372,2.0834,1.8359,2.5617,2.1039,1.6678,8.7121,8.3622,0.0,0.27,0.0
15,2007,493385.98,17748.83,7215978,0.06837409703854419,0,455960.0,0.06318755406405063,0.0,2.5177,2.0391,1.8285,2.66,2.32,1.94,2.5372,2.0834,1.8359,9.0126,8.7121,0.0,0.316,0.0
15,2008,559079.29,31548.27,7321490,0.07636140867501015,0,532238.0,0.0726953120198211,0.0,2.4859,1.9435,1.8893,2.5177,2.0391,1.8285,2.66,2.32,1.94,9.6873,9.0126,0.0,0.362,0.0
15,2009,585376.66,46192.34,7431020,0.0787747388649203,0,618127.0,0.08318198578391661,0.0,2.3919,1.8199,1.8459,2.4859,1.9435,1.8893,2.5177,2.0391,1.8285,8.9973,9.6873,0.0,0.40800000000000003,0.0
15,2010,674940.64,46966.6,7559806,0.08928015348542014,1,710700.0,0.09401034894281679,0.00013227852672409847,2.2666,1.7429,1.6938,2.3919,1.8199,1.8459,2.4859,1.9435,1.8893,10.8249,8.9973,0.0,0.454,0.0
15,2011,768592.56,33566.53,7688593,0.0999653070464258,6,814615.0,0.1059511148528736,0.0007803768517854957,2.1667,1.7979,1.6212,2.2666,1.7429,1.6938,2.3919,1.8199,1.8459,11.8526,10.8249,0.0,0.5,0.0
15,2012,909505.43,30715.07,7777543,0.11693994234425963,9,929962.0,0.11957015216759329,0.001157177787380925,2.0616,1.6987,1.6043,2.1667,1.7979,1.6212,2.2666,1.7429,1.6938,11.7753,11.8526,0.0,0.546,0.0
15,2013,996173.28,32956.05,7969654,0.12499580031956219,21,1049456.0,0.13168150085311106,0.002634995195525427,2.0425,1.7341,1.6998,2.0616,1.6987,1.6043,2.1667,1.7979,1.6212,12.1012,11.7753,0.0,0.5920000000000001,0.0
15,2014,1098714.35,33477.43,8073924,0.13608182960354842,40,1163274.0,0.1440778981818506,0.004954220525236552,2.0097,1.7327,1.7327,2.0425,1.7341,1.6998,2.0616,1.6987,1.6043,11.3828,12.1012,0.0,0.638,0.0
15,2015,1131966.26,52965.81,8175113,0.13846490684593596,60,1263069.0,0.15450171759093728,0.007339348092191509,2.0604,1.7112,1.7694,2.0097,1.7327,1.7327,2.0425,1.7341,1.6998,10.9809,11.3828,0.0,0.6839999999999999,0.0
15,2016,1154585.46,36912.84,8272724,0.13956533059727363,85,1340306.0,0.16201507508288684,0.010274729339453365,2.1794,1.9384,1.7961,2.0604,1.7112,1.7694,2.0097,1.7327,1.7327,10.5909,10.9809,0.0,0.73,0.0
15,2017,1154058.16,27253.95,8366628,0.137935875719585,173,1406011.0,0.16804990015093296,0.020677386397482952,2.1382,1.9148,1.7925,2.1794,1.9384,1.7961,2.0604,1.7112,1.7694,11.3534,10.5909,0.0,0.776,0.0
15,2018,1136547.74,53647.42,8513497,0.1334995172958891,263,1474349.0,0.17317783749732923,0.03089212341297589,2.3019,1.8917,1.9071,2.1382,1.9148,1.7925,2.1794,1.9384,1.7961,11.1194,11.3534,0.0,0.8220000000000001,26.0
15,2019,1176565.93,58377.72,8602865,0.13676443022179238,577,1547891.0,0.17992738465615815,0.06707067936088733,2.2313,1.848,1.9315,2.3019,1.8917,1.9071,2.1382,1.9148,1.7925,11.672,11.1194,0.0,0.868,220.0
15,2020,1208775.16,44085.35,8690745,0.13908763402907345,1240,1620618.0,0.1864763032398258,0.14268051818342387,2.0596,1.8057,1.7822,2.2313,1.848,1.9315,2.3019,1.8917,1.9071,13.1119,11.672,0.0,0.914,400.0
15,2021,1244976.24,45158.35,8777124,0.14184330083521662,2327,1696558.0,0.19329315616368187,0.2651210123042582,2.4951,2.2302,2.1106,2.0596,1.8057,1.7822,2.2313,1.848,1.9315,13.9821,13.1119,0.0,0.96,800.0
16,2006,64644.76,925.3,615715,0.10499136775943416,0,48114.0,0.0781432968175211,0.0,2.58,2.19,2.0,2.5372,2.0834,1.8875,2.5072,2.0385,1.7441,11.5543,10.4181,0.33,0.36,0.0
16,2007,72340.09,1452.37,614440,0.11773336696829632,0,55810.0,0.0908306750862574,0.0,2.3358,1.9146,1.905,2.58,2.19,2.0,2.5372,2.0834,1.8875,12.0017,11.5543,0.33,0.39,0.0
16,2008,82509.63,2771.45,613166,0.13456328302612997,0,64816.0,0.10570710052416475,0.0,2.3594,1.9345,1.9526,2.3358,1.9146,1.905,2.58,2.19,2.0,13.1889,12.0017,0.33,0.42,0.0
16,2009,86003.95,8297.1,626609,0.1372529759387433,0,75172.0,0.11996635860640367,0.0,2.3485,1.7506,1.9412,2.3594,1.9345,1.9526,2.3358,1.9146,1.905,12.9612,13.1889,0.33,0.45,0.0
16,2010,99396.5,6721.64,655459,0.15164411503999486,1,87498.0,0.1334911870917937,0.0015256484387276702,2.332,1.7838,1.8329,2.3485,1.7506,1.9412,2.3594,1.9345,1.9526,12.0052,12.9612,0.33,0.48,0.0
16,2011,109515.6,4933.64,684309,0.16003822834421294,6,98747.0,0.14430177010677925,0.008767968856174624,2.1513,1.7518,1.721,2.332,1.7838,1.8329,2.3485,1.7506,1.9412,12.694,12.0052,0.0,0.51,0.0
16,2012,127984.5,3311.01,698602,0.18320087832557022,10,106624.0,0.15262481355621657,0.014314301991691978,1.9673,1.6551,1.5898,2.1513,1.7518,1.721,2.332,1.7838,1.8329,13.627,12.694,0.0,0.54,0.0
16,2013,137899.8,1458.8,734996,0.18761979657032146,24,114688.0,0.15603894442962954,0.032653238929191454,1.9534,1.6587,1.6039,1.9673,1.6551,1.5898,2.1513,1.7518,1.721,13.8153,13.627,0.0,0.5700000000000001,0.0
16,2014,154417.4,1176.6,750912,0.2056398086593369,46,123186.0,0.16404851700332396,0.06125884258075513,1.9066,1.8036,1.6683,1.9534,1.6587,1.6039,1.9673,1.6551,1.5898,13.1642,13.8153,0.0,0.6000000000000001,0.0
16,2015,153753.22,2193.0,766679,0.2005444521109878,67,129993.0,0.16955335935900162,0.08738989851032831,1.944,1.6588,1.7403,1.9066,1.8036,1.6683,1.9534,1.6587,1.6039,12.3989,13.1642,0.0,0.6300000000000001,0.0
16,2016,151537.69,539.0,782295,0.1937091378572022,94,133730.0,0.1709457429741977,0.12015927495382177,1.9987,2.0042,1.933,1.944,1.6588,1.7403,1.9066,1.8036,1.6683,11.6304,12.3989,0.0,0.66,0.0
16,2017,154728.34,394.31,797722,0.19396273388473678,181,138573.0,0.17371089176429885,0.22689608660661234,1.968,1.9893,1.9042,1.9987,2.0042,1.933,1.944,1.6588,1.7403,11.8759,11.6304,0.0,0.6900000000000001,0.0
16,2018,158010.2,928.48,829494,0.19048986490559305,281,144725.0,0.17447383585655835,0.3387607384742988,2.0866,1.9686,1.9943,1.968,1.9893,1.9042,1.9987,2.0042,1.933,11.857,11.8759,0.0,0.7200000000000001,26.0
16,2019,170073.11,862.15,845731,0.20109598678539628,576,152415.0,0.18021687747049595,0.6810676207919539,1.9414,1.8234,2.0446,2.0866,1.9686,1.9943,1.968,1.9893,1.9042,11.6241,11.857,0.0,0.75,220.0
16,2020,173347.57,382.68,861773,0.20115224078730712,1069,159196.0,0.18473078177199798,1.240465876744804,1.6599,1.7822,1.7304,1.9414,1.8234,2.0446,2.0866,1.9686,1.9943,11.3097,11.6241,0.0,0.78,400.0
16,2021,190356.68,322.83,877613,0.2169027578214999,1779,164234.0,0.1871371549874489,2.0270893890587307,2.1491,2.2687,2.0123,1.6599,1.7822,1.7304,1.9414,1.8234,2.0446,10.691,11.3097,0.0,0.81,800.0
17,2006,133259.67,14161.15,1332441,0.10001168532040068,0,161458.0,0.12117459609843888,0.0,2.75,2.02,1.88,2.5785,1.6812,1.8153,2.4091,1.5043,1.6787,8.7513,8.4906,0.0,0.43,0.0
17,2007,157048.59,31757.23,1306477,0.12020769596403151,0,181357.0,0.13881377169288092,0.0,2.6134,1.6657,1.7806,2.75,2.02,1.88,2.5785,1.6812,1.8153,9.5222,8.7513,0.0,0.452,0.0
17,2008,174092.44,55781.19,1280513,0.13595523044279909,0,202996.0,0.15852709031458487,0.0,2.4769,1.5729,1.826,2.6134,1.6657,1.7806,2.75,2.02,1.88,11.0095,9.5222,0.0,0.474,0.0
17,2009,177626.18,69709.15,1292051,0.1374761367778826,0,226198.0,0.17506894077710555,0.0,2.3745,1.4993,1.7852,2.4769,1.5729,1.826,2.6134,1.6657,1.7806,11.4879,11.0095,0.0,0.496,0.0
17,2010,217260.88,60459.83,1346472,0.16135566131341758,1,255821.0,0.18999355352357866,0.0007426816153622206,2.3075,1.5465,1.7183,2.3745,1.4993,1.7852,2.4769,1.5729,1.826,11.56,11.4879,0.0,0.518,0.0
17,2011,249674.17,37472.85,1400892,0.17822513798351336,6,284758.0,0.20326905999891498,0.0042829854121516865,2.2358,1.6212,1.552,2.3075,1.5465,1.7183,2.3745,1.4993,1.7852,12.09,11.56,0.0,0.54,0.0
17,2012,296202.18,27882.1,1417694,0.20893237891956937,9,314290.0,0.22169099960922456,0.00634833751147991,2.1124,1.5753,1.4881,2.2358,1.6212,1.552,2.3075,1.5465,1.7183,12.4785,12.09,0.0,0.562,0.0
17,2013,312274.29,35772.3,1478164,0.2112582162737017,22,342815.0,0.2319194622518205,0.014883328236920937,2.0837,1.5422,1.5559,2.1124,1.5753,1.4881,2.2358,1.6212,1.552,12.8076,12.4785,0.0,0.5840000000000001,0.0
17,2014,350345.44,35286.18,1496880,0.23405045160600715,45,370472.0,0.24749612527390305,0.03006253006253006,2.0097,1.5073,1.591,2.0837,1.5422,1.5559,2.1124,1.5753,1.4881,12.9064,12.8076,0.0,0.606,0.0
17,2015,348183.44,56692.45,1515126,0.2298049403151949,71,395641.0,0.2611274573863824,0.04686078913568904,2.0487,1.5365,1.653,2.0097,1.5073,1.591,2.0837,1.5422,1.5559,13.0947,12.9064,0.0,0.628,0.0
17,2016,363558.29,30666.32,1532902,0.2371699495466768,105,412191.0,0.2688958589655438,0.06849752952243522,2.1137,1.7742,1.6592,2.0487,1.5365,1.653,2.0097,1.5073,1.591,13.0712,13.0947,0.0,0.65,0.0
17,2017,379334.98,16890.64,1550194,0.24470161799103854,206,428001.0,0.276095120997759,0.13288659354893645,2.0637,1.8031,1.6276,2.1137,1.7742,1.6592,2.0487,1.5365,1.653,13.4637,13.0712,0.0,0.672,0.0
17,2018,348974.01,34121.71,1555229,0.22438754035579328,318,445066.0,0.28617393322783974,0.20447149583759047,2.3839,1.8815,1.7995,2.0637,1.8031,1.6276,2.1137,1.7742,1.6592,13.4297,13.4637,0.0,0.694,26.0
17,2019,365402.2,33215.4,1572866,0.23231616679361117,697,463035.0,0.29438935039602865,0.44314010220832545,2.2461,1.8087,1.7792,2.3839,1.8815,1.7995,2.0637,1.8031,1.6276,14.059,13.4297,0.0,0.716,220.0
17,2020,352986.1,38226.92,1590248,0.22196921486459972,1370,481035.0,0.30249055493231247,0.8615008476665275,2.1395,1.6975,1.6082,2.2461,1.8087,1.7792,2.3839,1.8815,1.7995,14.4849,14.059,0.0,0.738,400.0
17,2021,368813.5,31372.71,1607363,0.22945252565848537,2502,499547.0,0.310786673576535,1.5565867822016557,2.572,2.1362,1.9653,2.1395,1.6975,1.6082,2.2461,1.8087,1.7792,15.0377,14.4849,0.0,0.76,800.0
21,2006,306351.74,16591.65,6184538,0.04953510512830546,0,311516.0,0.05037013274071564,0.0,2.73,2.07,1.89,2.4238,1.8771,1.774,2.311,1.8095,1.5697,6.4718,5.9165,0.0,0.38,0.0
21,2007,327629.24,49095.93,6245038,0.052462329292471875,0,366851.0,0.05874279708145891,0.0,2.6134,1.7902,1.7902,2.73,2.07,1.89,2.4238,1.8771,1.774,6.095,6.4718,0.0,0.4026666666666667,0.0
21,2008,371604.66,107358.4,6305537,0.058933071045336814,0,431493.0,0.0684308093029983,0.0,2.3955,1.6271,1.817,2.6134,1.7902,1.7902,2.73,2.07,1.89,6.9995,6.095,0.0,0.42533333333333334,0.0
21,2009,392331.05,142648.18,6367138,0.06161811633421484,0,512579.0,0.08050383076352358,0.0,2.2532,1.5426,1.7766,2.3955,1.6271,1.817,2.6134,1.7902,1.7902,6.9808,6.9995,0.0,0.448,0.0
21,2010,522287.34,88457.55,6506450,0.08027224369663949,0,616036.0,0.09468081672801605,0.0,2.1111,1.5629,1.6202,2.2532,1.5426,1.7766,2.3955,1.6271,1.817,7.0125,6.9808,0.0,0.4706666666666667,0.0
21,2011,628889.23,35199.52,6645761,0.09463013039439727,3,730185.0,0.10987229303009843,0.0004514155715199508,2.036,1.6826,1.552,2.1111,1.5629,1.6202,2.2532,1.5426,1.7766,7.2436,7.0125,0.0,0.49333333333333335,0.0
21,2012,750762.9,23838.05,6714314,0.11181528001222463,5,835478.0,0.12443236941257141,0.0007446777139109074,1.9164,1.5898,1.4881,2.036,1.6826,1.552,2.1111,1.5629,1.6202,7.7052,7.2436,0.0,0.516,0.0
21,2013,803208.64,26444.72,6794301,0.11821799475766528,14,937702.0,0.13801302002958069,0.0020605504525042385,1.9329,1.6107,1.549,1.9164,1.5898,1.4881,2.036,1.6826,1.552,7.9266,7.7052,0.0,0.5386666666666666,0.0
21,2014,887026.28,42643.3,6850884,0.12947617854863694,29,1033920.0,0.15091775017647358,0.004233030365132441,1.9259,1.6361,1.5717,1.9329,1.6107,1.549,1.9164,1.5898,1.4881,8.2741,7.9266,0.0,0.5613333333333334,0.0
21,2015,889941.82,57212.42,6904241,0.128897849886758,42,1118784.0,0.1620430109551506,0.006083217547012047,1.9265,1.5889,1.6239,1.9259,1.6361,1.5717,1.9329,1.6107,1.549,7.795,8.2741,0.0,0.584,0.0
21,2016,928346.35,35476.36,6954036,0.13349748980304388,63,1179388.0,0.16959762647187906,0.009059487181257042,1.9603,1.7632,1.6701,1.9265,1.5889,1.6239,1.9259,1.6361,1.5717,7.7824,7.795,0.0,0.6066666666666667,0.0
21,2017,955006.37,25618.07,7000229,0.13642501838154153,119,1236385.0,0.17662065055300333,0.016999443875336077,1.9095,1.7446,1.6276,1.9603,1.7632,1.6701,1.9265,1.5889,1.6239,7.8273,7.7824,0.0,0.6293333333333333,0.0
21,2018,943358.35,37299.22,7035055,0.13409395520006595,193,1292141.0,0.18367176944601002,0.027434042804214038,2.1327,1.8148,1.7584,1.9095,1.7446,1.6276,1.9603,1.7632,1.6701,8.1725,7.8273,0.0,0.6519999999999999,26.0
21,2019,949378.15,47002.09,7075181,0.13418429153967934,383,1347875.0,0.1905074937305491,0.05413289073452679,2.1429,1.7939,1.7743,2.1327,1.8148,1.7584,1.9095,1.7446,1.6276,7.7302,8.1725,0.0,0.6746666666666666,220.0
21,2020,926654.67,39181.08,7114598,0.1302469471922377,750,1401570.0,0.19699918393140414,0.10541705940377798,1.9703,1.7022,1.5988,2.1429,1.7939,1.7743,2.1327,1.8148,1.7584,7.9303,7.7302,0.0,0.6973333333333334,400.0
21,2021,961286.85,53908.94,7153262,0.13438440392648837,1357,1456263.0,0.20358026869419854,0.18970366246895473,2.4054,2.085,1.9611,1.9703,1.7022,1.5988,2.1429,1.7939,1.7743,8.1558,7.9303,0.0,0.72,800.0
22,2006,195720.65,14037.54,3036290,0.06446045996923877,0,252951.0,0.08330923594254831,0.0,2.52,2.12,1.91,2.5063,1.9803,1.7843,2.3764,1.7986,1.5806,5.9279,5.1243,0.0,0.36,0.0
22,2007,213323.77,19439.83,3074086,0.06939421018149784,0,288900.0,0.09397915347846482,0.0,2.4507,1.838,1.8189,2.52,2.12,1.91,2.5063,1.9803,1.7843,5.6354,5.9279,0.0,0.39266666666666666,0.0
22,2008,246146.29,28274.62,3111881,0.07909887621024068,0,336132.0,0.10801569854374252,0.0,2.3503,1.7266,1.8441,2.4507,1.838,1.8189,2.52,2.12,1.91,6.0584,5.6354,0.0,0.42533333333333334,0.0
22,2009,279290.04,33108.09,3145325,0.08879528824525287,0,388961.0,0.1236632144531964,0.0,2.2272,1.6379,1.8026,2.3503,1.7266,1.8441,2.4507,1.838,1.8189,6.5311,6.0584,0.0,0.45799999999999996,0.0
22,2010,345390.95,19251.82,3142826,0.10989820944589361,0,455652.0,0.14498161845421922,0.0,2.062,1.6365,1.6611,2.2272,1.6379,1.8026,2.3503,1.7266,1.8441,7.0854,6.5311,0.0,0.49066666666666664,0.0
22,2011,373985.9,13860.12,3140328,0.11909134969340783,4,525565.0,0.1673599063537312,0.0012737522959385135,2.0437,1.7518,1.5674,2.062,1.6365,1.6611,2.2272,1.6379,1.8026,7.6462,7.0854,0.0,0.5233333333333333,0.0
22,2012,454910.23,15980.71,3160748,0.1439248652534147,5,595328.0,0.18835035251149412,0.0015819040303118122,1.8729,1.6551,1.5099,2.0437,1.7518,1.5674,2.062,1.6365,1.6611,7.7693,7.6462,0.0,0.5559999999999999,0.0
22,2013,500001.49,17938.35,3184166,0.15702745711121843,13,665846.0,0.20911158526282864,0.004082701718440559,1.8643,1.6519,1.5765,1.8729,1.6551,1.5099,2.0437,1.7518,1.5674,7.8162,7.7693,0.0,0.5886666666666667,0.0
22,2014,569210.19,21837.99,3194718,0.17817227999466617,30,734309.0,0.2298509602412482,0.009390500194383354,1.8229,1.6425,1.5974,1.8643,1.6519,1.5765,1.8729,1.6551,1.5099,8.7334,7.8162,0.0,0.6213333333333333,0.0
22,2015,579918.42,38396.91,3204028,0.180996676683225,45,791932.0,0.24716762774857148,0.014044821081463708,1.8974,1.5889,1.6762,1.8229,1.6425,1.5974,1.8643,1.6519,1.5765,8.4016,8.7334,0.0,0.6539999999999999,0.0
22,2016,596027.06,35913.72,3212180,0.18555219819561794,66,837306.0,0.2606659651700714,0.020546793766227298,2.0042,1.692,1.7194,1.8974,1.5889,1.6762,1.8229,1.6425,1.5974,8.201,8.4016,0.0,0.6866666666666666,0.0
22,2017,607778.96,37183.78,3219257,0.18879479333274726,132,878559.0,0.2729073820449874,0.04100325012883407,1.9414,1.6329,1.6755,2.0042,1.692,1.7194,1.8974,1.5889,1.6762,8.6457,8.201,0.0,0.7193333333333333,0.0
22,2018,557661.83,72283.06,3264531,0.17082448596750957,214,918548.0,0.281372117464959,0.06555306106757755,2.266,1.7431,1.8353,1.9414,1.6329,1.6755,2.0042,1.692,1.7194,9.0608,8.6457,0.0,0.752,26.0
22,2019,560883.72,91343.81,3273227,0.17135497171445793,449,957370.0,0.29248506137826674,0.13717349881325067,2.2313,1.6907,1.8136,2.266,1.7431,1.8353,1.9414,1.6329,1.6755,9.0839,9.0608,0.0,0.7846666666666666,220.0
22,2020,519740.88,71251.61,3281480,0.15838611845874423,857,985833.0,0.3004232846154784,0.2611626461230908,2.0643,1.6129,1.6505,2.2313,1.6907,1.8136,2.266,1.7431,1.8353,9.0686,9.0839,0.0,0.8173333333333332,400.0
22,2021,535982.11,84391.58,3289290,0.1629476604373588,1512,1017612.0,0.3093713232946928,0.45967366817763106,2.6062,2.0978,2.0337,2.0643,1.6129,1.6505,2.2313,1.6907,1.8136,9.0865,9.0686,0.0,0.85,800.0
23,2006,530568.08,66099.39,8217085,0.06456889273994366,0,843875.0,0.1026976111358225,0.0,2.7,1.92,1.86,2.5166,1.7224,1.7843,2.4309,1.6133,1.7114,7.6236,7.2939,0.0,0.33,0.0
23,2007,552584.76,107878.08,8333806,0.06630641030040776,0,945695.0,0.11347696358662537,0.0,2.4986,1.6561,1.771,2.7,1.92,1.86,2.5166,1.7224,1.7843,7.7248,7.6236,0.0,0.35733333333333334,0.0
23,2008,615539.66,152940.75,8450528,0.07284037873136448,0,1059064.0,0.12532518678122834,0.0,2.3232,1.6452,1.8351,2.4986,1.6561,1.771,2.7,1.92,1.86,8.3184,7.7248,0.0,0.38466666666666666,0.0
23,2009,665907.71,174591.73,8547809,0.07790390613547869,0,1199623.0,0.1403427474806702,0.0,2.2012,1.5599,1.7766,2.3232,1.6452,1.8351,2.4986,1.6561,1.771,8.5239,8.3184,0.0,0.41200000000000003,0.0
23,2010,820165.03,157505.96,8538982,0.09604950918036834,1,1380603.0,0.16168238790057177,0.00011710997868364168,2.152,1.5629,1.6202,2.2012,1.5599,1.7766,2.3232,1.6452,1.8351,9.2577,8.5239,0.0,0.43933333333333335,0.0
23,2011,943328.05,113605.2,8530155,0.11058744536295062,5,1574354.0,0.18456335201411933,0.0005861558201462928,2.0898,1.6365,1.5366,2.152,1.5629,1.6202,2.2012,1.5599,1.7766,9.7076,9.2577,0.0,0.4666666666666667,0.0
23,2012,1120767.7,93417.91,8606005,0.13023089110452526,7,1751952.0,0.2035732026648834,0.0008133855371917632,1.9673,1.568,1.5244,2.0898,1.6365,1.5366,2.152,1.5629,1.6202,9.6373,9.7076,0.0,0.494,0.0
23,2013,1216335.29,97864.95,8778576,0.1385572432248693,17,1926632.0,0.21946976366098556,0.0019365327588438035,1.9466,1.597,1.6244,1.9673,1.568,1.5244,2.0898,1.6365,1.5366,9.8815,9.6373,0.0,0.5213333333333333,0.0
23,2014,1348677.04,109934.44,8842791,0.1525171227048112,37,2093865.0,0.2367877969749596,0.004184199309923756,1.9259,1.5846,1.6554,1.9466,1.597,1.6244,1.9673,1.568,1.5244,10.5157,9.8815,0.0,0.5486666666666666,0.0
23,2015,1331394.41,172587.82,8904459,0.14951996634495143,55,2239184.0,0.2514677197121128,0.00617668069447004,2.008,1.5598,1.6995,1.9259,1.5846,1.6554,1.9466,1.597,1.6244,10.0607,10.5157,0.0,0.576,0.0
23,2016,1372176.49,143299.5,8963663,0.15308211497911067,79,2339396.0,0.2609866078187009,0.008813361234129395,2.141,1.7632,1.7413,2.008,1.5598,1.6995,1.9259,1.5846,1.6554,9.7966,10.0607,0.0,0.6033333333333333,0.0
23,2017,1381639.09,122849.55,9020460,0.15316725421985133,153,2426700.0,0.26902175720528665,0.016961440990814217,2.0903,1.7393,1.718,2.141,1.7632,1.7413,2.008,1.5598,1.6995,10.0345,9.7966,0.0,0.6306666666666667,0.0
23,2018,1329769.11,169711.04,9075649,0.14652055296541328,238,2519818.0,0.27764603941822785,0.026224019902047778,2.307,1.8405,1.8815,2.0903,1.7393,1.718,2.141,1.7632,1.7413,10.0597,10.0345,0.0,0.6579999999999999,26.0
23,2019,1385259.81,166507.5,9132078,0.15169163141182107,498,2621751.0,0.2870924886975341,0.054533042753248495,2.2215,1.8185,1.8676,2.307,1.8405,1.8815,2.0903,1.7393,1.718,10.0643,10.0597,0.0,0.6853333333333333,220.0
23,2020,1278277.44,144948.24,9187103,0.13913825065420513,906,2704013.0,0.29432705826853145,0.09861650620440415,2.069,1.7069,1.6928,2.2215,1.8185,1.8676,2.307,1.8405,1.8815,9.5877,10.0643,0.0,0.7126666666666667,400.0
23,2021,1326330.25,136555.46,9240580,0.14353322518716358,1638,2785717.0,0.30146560064411543,0.17726160046230865,2.5037,2.1362,2.0422,2.069,1.7069,1.6928,2.2215,1.8185,1.8676,9.8448,9.5877,0.0,0.74,800.0
24,2006,266639.72,33372.57,3043760,0.08760208426419953,0,359141.0,0.11799254868977843,0.0,2.62,1.89,1.83,2.4135,1.7018,1.7637,2.2783,1.537,1.5479,10.1312,9.5638,0.0,0.29,0.0
24,2007,272333.34,67384.43,3075098,0.08856086537729856,0,412819.0,0.13424580289798893,0.0,2.4411,1.5796,1.7423,2.62,1.89,1.83,2.4135,1.7018,1.7637,10.5863,10.1312,0.0,0.31666666666666665,0.0
24,2008,304051.81,94711.93,3106436,0.09787802162993219,0,467837.0,0.15060249108624804,0.0,2.3413,1.6362,1.7899,2.4411,1.5796,1.7423,2.62,1.89,1.83,10.8242,10.5863,0.0,0.3433333333333333,0.0
24,2009,334293.33,98373.7,3137541,0.10654628258244275,0,521838.0,0.16632069509211195,0.0,2.2445,1.5859,1.7419,2.3413,1.6362,1.7899,2.4411,1.5796,1.7423,10.6922,10.8242,0.0,0.37,0.0
24,2010,403549.73,79156.04,3168099,0.12737914124527042,1,585376.0,0.18477200365266364,0.0003156467016971376,2.1929,1.6038,1.6038,2.2445,1.5859,1.7419,2.3413,1.6362,1.7899,11.0837,10.6922,0.0,0.3966666666666666,0.0
24,2011,484517.1,55271.14,3198657,0.1514751659837238,6,646651.0,0.20216328290279326,0.001875787244459159,2.0898,1.7057,1.5366,2.1929,1.6038,1.6038,2.2445,1.5859,1.7419,11.8315,11.0837,0.0,0.42333333333333334,0.0
24,2012,561903.62,46051.01,3228198,0.17406107679888283,9,709735.0,0.2198548540083353,0.00278793308217154,1.96,1.6188,1.4881,2.0898,1.7057,1.5366,2.1929,1.6038,1.6038,12.2963,11.8315,0.0,0.44999999999999996,0.0
24,2013,605600.69,48016.98,3373959,0.17949260497830588,21,771186.0,0.2285700567197171,0.006224142024251035,1.974,1.6587,1.549,1.96,1.6188,1.4881,2.0898,1.7057,1.5366,12.1478,12.2963,0.0,0.4766666666666666,0.0
24,2014,652345.85,42656.94,3408510,0.19138739507878808,41,828988.0,0.2432112565314463,0.0120287163599344,1.9517,1.6876,1.6103,1.974,1.6587,1.549,1.96,1.6188,1.4881,11.6917,12.1478,0.0,0.5033333333333333,0.0
24,2015,644783.75,68898.98,3442175,0.1873187011119423,62,878457.0,0.2552040497650468,0.018011867496568305,1.9614,1.5715,1.6297,1.9517,1.6876,1.6103,1.974,1.6587,1.549,11.4062,11.6917,0.0,0.53,0.0
24,2016,651680.24,54800.4,3474998,0.1875339899476201,88,917437.0,0.26401079943067596,0.0253237555820176,2.0972,1.7468,1.692,1.9614,1.5715,1.6297,1.9517,1.6876,1.6103,10.8945,11.4062,0.0,0.5566666666666666,0.0
24,2017,661020.14,54338.48,3507003,0.18848576405551978,171,957067.0,0.2729016770159592,0.04875958189941668,2.0531,1.7127,1.6755,2.0972,1.7468,1.692,1.9614,1.5715,1.6297,11.2204,10.8945,0.0,0.5833333333333333,0.0
24,2018,608089.12,100968.47,3479010,0.17478797703944512,267,994351.0,0.28581435523324167,0.07674597083653108,2.266,1.779,1.82,2.0531,1.7127,1.6755,2.0972,1.7468,1.692,11.2726,11.2204,0.0,0.6099999999999999,26.0
24,2019,620525.15,98042.81,3506853,0.1769464388726873,566,1031948.0,0.2942661126656863,0.1613982679057263,2.2068,1.7743,1.8087,2.266,1.779,1.82,2.0531,1.7127,1.6755,11.4296,11.2726,0.0,0.6366666666666666,220.0
24,2020,577782.81,76160.0,3534165,0.16348495613532477,1010,1061280.0,0.300291582311522,0.285781790040929,2.1066,1.6975,1.6458,2.2068,1.7743,1.8087,2.266,1.779,1.82,10.6877,11.4296,0.0,0.6633333333333333,400.0
24,2021,595237.02,76950.0,3560903,0.16715900994775765,1749,1094803.0,0.3074509471333535,0.49116754935475637,2.6019,2.1918,2.0422,2.1066,1.6975,1.6458,2.2068,1.7743,1.8087,10.5108,10.6877,0.0,0.69,800.0
25,2006,281008.49,36596.95,3623215,0.07755777396593909,0,334183.0,0.09223383100368043,0.0,2.59,1.89,1.83,2.4135,1.6915,1.7328,2.2456,1.5261,1.5261,7.7479,7.0232,0.17,0.35,0.0
25,2007,301021.96,63588.61,3682910,0.0817348129604036,0,380487.0,0.1033115118208156,0.0,2.422,1.6561,1.7519,2.59,1.89,1.83,2.4135,1.6915,1.7328,7.8009,7.7479,0.17,0.36666666666666664,0.0
25,2008,341331.35,89659.66,3742604,0.09120156714415951,0,435555.0,0.11637752751827338,0.0,2.2147,1.591,1.7899,2.422,1.6561,1.7519,2.59,1.89,1.83,8.3596,7.8009,0.17,0.3833333333333333,0.0
25,2009,359084.68,112976.62,3769977,0.09524850682112915,0,493952.0,0.13102255000494697,0.0,2.0972,1.4646,1.7592,2.2147,1.591,1.7899,2.422,1.6561,1.7519,8.6942,8.3596,0.17,0.39999999999999997,0.0
25,2010,444825.64,86559.83,3780646,0.11765863294262409,1,565387.0,0.14954772279658027,0.0002645050607753278,2.0047,1.5138,1.612,2.0972,1.4646,1.7592,2.2147,1.591,1.7899,8.7773,8.6942,0.17,0.41666666666666663,0.0
25,2011,511689.33,58018.8,3791315,0.13496354958635726,4,643244.0,0.16966250496199867,0.0010550429072762352,1.9669,1.6135,1.5213,2.0047,1.5138,1.612,2.0972,1.4646,1.7592,9.0362,8.7773,0.0,0.4333333333333333,0.0
25,2012,588349.21,44717.21,3815171,0.15421306410643193,7,711533.0,0.18650094582916468,0.001834780144848029,1.8874,1.5753,1.4664,1.9669,1.6135,1.5213,2.0047,1.5138,1.612,9.5248,9.0362,0.0,0.44999999999999996,0.0
25,2013,625181.69,54253.8,3914421,0.1597124300119992,16,774307.0,0.19780882025719768,0.004087449970251028,1.9055,1.549,1.549,1.8874,1.5753,1.4664,1.9669,1.6135,1.5213,9.4257,9.5248,0.0,0.4666666666666667,0.0
25,2014,686269.95,69928.45,3943885,0.17400861079874286,34,834509.0,0.21159567279471891,0.008620941026424451,1.8422,1.4751,1.5652,1.9055,1.549,1.549,1.8874,1.5753,1.4664,9.9015,9.4257,0.0,0.4833333333333333,0.0
25,2015,662396.75,131568.57,3972202,0.16675807272641222,53,889433.0,0.22391434272476576,0.013342725269258714,1.8567,1.3969,1.6064,1.8422,1.4751,1.5652,1.9055,1.549,1.549,9.6928,9.9015,0.0,0.5,0.0
25,2016,694589.7,85045.44,3999415,0.17367282465060513,76,932755.0,0.2332228588431058,0.01900277915645163,2.0042,1.6537,1.6373,1.8567,1.3969,1.6064,1.8422,1.4751,1.5652,9.3752,9.6928,0.0,0.5166666666666666,0.0
25,2017,713021.85,76998.35,4025558,0.17712373042445295,145,973601.0,0.24185491800142986,0.03601985116100675,1.9414,1.5957,1.617,2.0042,1.6537,1.6373,1.8567,1.3969,1.6064,9.4848,9.3752,0.0,0.5333333333333333,0.0
25,2018,637788.09,165184.08,3996496,0.159586820554806,223,1017041.0,0.2544831772632826,0.0557988798187212,2.1686,1.6252,1.7636,1.9414,1.5957,1.617,2.0042,1.6537,1.6373,9.4326,9.4848,0.0,0.55,26.0
25,2019,653092.79,176961.58,4018127,0.16253662216251502,471,1062968.0,0.26454315655030314,0.11721879373150725,2.0986,1.6121,1.7595,2.1686,1.6252,1.7636,1.9414,1.5957,1.617,9.5067,9.4326,0.0,0.5666666666666667,220.0
25,2020,621657.74,146229.6,4039277,0.15390322079916777,868,1104608.0,0.2734667615021203,0.21488994193762895,1.9138,1.4671,1.5847,2.0986,1.6121,1.7595,2.1686,1.6252,1.7636,9.1833,9.5067,0.0,0.5833333333333333,400.0
25,2021,663078.18,128742.35,4059905,0.16332357037910986,1482,1146815.0,0.2824733583667598,0.36503317195845714,2.3926,1.9739,1.9269,1.9138,1.4671,1.5847,2.0986,1.6121,1.7595,8.9073,9.1833,0.0,0.6,800.0
26,2006,637645.57,107508.49,8502603,0.07499416002370098,0,910913.0,0.10713342725751161,0.0,2.64,1.85,1.84,2.4444,1.6296,1.7328,2.2892,1.4607,1.5588,8.7912,8.5893,0.0,0.34,0.0
26,2007,621960.22,163306.06,8618400,0.07216655295646524,0,1007298.0,0.11687761069340016,0.0,2.489,1.5508,1.7614,2.64,1.85,1.84,2.4444,1.6296,1.7328,9.042,8.7912,0.0,0.36800000000000005,0.0
26,2008,676940.04,280705.41,8734196,0.07750456252641914,0,1123702.0,0.12865545952941748,0.0,2.3503,1.5367,1.8079,2.489,1.5508,1.7614,2.64,1.85,1.84,9.3802,9.042,0.0,0.396,0.0
26,2009,701324.89,365487.16,8810256,0.07960323627372462,0,1260157.0,0.14303296067673857,0.0,2.2272,1.4559,1.7679,2.3503,1.5367,1.8079,2.489,1.5508,1.7614,9.8158,9.3802,0.0,0.42400000000000004,0.0
26,2010,898932.82,315407.47,8837581,0.10171706714767309,1,1427910.0,0.16157249364956316,0.00011315313545641053,2.1438,1.522,1.6365,2.2272,1.4559,1.7679,2.3503,1.5367,1.8079,10.8161,9.8158,0.0,0.452,0.0
26,2011,1106865.97,184815.72,8864906,0.1248593013845832,6,1603534.0,0.18088561796368738,0.0006768261276543711,2.0514,1.6212,1.5443,2.1438,1.522,1.6365,2.2272,1.4559,1.7679,11.4724,10.8161,0.0,0.48000000000000004,0.0
26,2012,1290226.16,163341.85,8931028,0.14446558223756548,9,1766857.0,0.1978335528675982,0.0010077227391964284,1.9745,1.5535,1.5027,2.0514,1.6212,1.5443,2.1438,1.522,1.6365,12.2567,11.4724,0.0,0.508,0.0
26,2013,1379495.06,153903.01,9208550,0.14980589343599154,21,1916608.0,0.20813352807988228,0.0022804893278529194,1.9397,1.5559,1.5559,1.9745,1.5535,1.5027,2.0514,1.6212,1.5443,12.1945,12.2567,0.0,0.536,0.0
26,2014,1497221.78,148197.52,9277727,0.16137808107524612,43,2047819.0,0.22072421402354261,0.004634755905191002,1.8873,1.5395,1.5846,1.9397,1.5559,1.5559,1.9745,1.5535,1.5027,12.3355,12.1945,0.0,0.5640000000000001,0.0
26,2015,1377723.97,278681.34,9345173,0.14742626701506756,63,2146257.0,0.22966476918083806,0.006741448232151508,1.9672,1.4492,1.6297,1.8873,1.5395,1.5846,1.9397,1.5559,1.5559,11.5187,12.3355,0.0,0.5920000000000001,0.0
26,2016,1441149.79,205719.9,9410336,0.15314541266114196,91,2212466.0,0.23511020222869833,0.009670217939083153,2.0261,1.6208,1.6482,1.9672,1.4492,1.6297,1.8873,1.5395,1.5846,11.2813,11.5187,0.0,0.6200000000000001,0.0
26,2017,1494982.01,208027.6,9473266,0.1578106230733941,179,2281636.0,0.24084998774445898,0.018895278566019365,1.952,1.5744,1.5957,2.0261,1.6208,1.6482,1.9672,1.4492,1.6297,11.7309,11.2813,0.0,0.648,0.0
26,2018,1311137.67,372304.88,9496294,0.13806835277003848,272,2359420.0,0.24845692435385847,0.028642752635923023,2.2045,1.6508,1.7943,1.952,1.5744,1.5957,2.0261,1.6208,1.6482,11.4917,11.7309,0.0,0.676,26.0
26,2019,1367866.54,347933.94,9557071,0.14312612514859416,576,2448663.0,0.2562147963534016,0.0602695114434119,2.1232,1.6563,1.8185,2.2045,1.6508,1.7943,1.952,1.5744,1.5957,11.632,11.4917,0.0,0.704,220.0
26,2020,1273074.01,264071.08,9616621,0.13238267474615045,1003,2515849.0,0.26161465654100335,0.1042985888702487,2.0079,1.5894,1.6881,2.1232,1.6563,1.8185,2.2045,1.6508,1.7943,10.6078,11.632,0.0,0.732,400.0
26,2021,1317326.97,241918.95,9674793,0.13616073956311003,1773,2592408.0,0.26795488027495784,0.1832597348594435,2.4567,2.0337,2.0081,2.0079,1.5894,1.6881,2.1232,1.6563,1.8185,10.654,10.6078,0.0,0.76,800.0
27,2006,168899.39,34903.25,3050652,0.05536501377410469,0,211298.0,0.0692632263529239,0.0,2.8,1.95,1.87,2.6404,1.7224,1.7637,2.3873,1.4607,1.5697,7.6819,7.3853,0.0,0.34,0.0
27,2007,163490.35,51462.02,3089106,0.05292481060863564,0,234823.0,0.07601649150271955,0.0,2.6805,1.6944,1.7806,2.8,1.95,1.87,2.6404,1.7224,1.7637,7.9884,7.6819,0.0,0.37533333333333335,0.0
27,2008,172374.63,83104.32,3127560,0.05511473161186356,0,262894.0,0.08405722032510966,0.0,2.495,1.6271,1.817,2.6805,1.6944,1.7806,2.8,1.95,1.87,8.2821,7.9884,0.0,0.4106666666666667,0.0
27,2009,179400.47,104514.39,3156108,0.056842310212451536,0,297113.0,0.09413904720624262,0.0,2.3312,1.5339,1.7679,2.495,1.6271,1.817,2.6805,1.6944,1.7806,8.3075,8.2821,0.0,0.44600000000000006,0.0
27,2010,245327.83,76100.45,3149746,0.07788813129693632,1,337616.0,0.10718832566181527,0.000317485917912111,2.2338,1.6038,1.6365,2.3312,1.5339,1.7679,2.495,1.6271,1.817,8.3956,8.3075,0.0,0.4813333333333334,0.0
27,2011,303096.08,53238.36,3143384,0.09642349773365265,4,381499.0,0.12136570014990214,0.0012725139531154959,2.1667,1.7364,1.5366,2.2338,1.6038,1.6365,2.3312,1.5339,1.7679,9.2977,8.3956,0.0,0.5166666666666667,0.0
27,2012,363832.65,39553.57,3165472,0.11493788288128912,7,429331.0,0.1356293784939497,0.0022113605806653794,2.0036,1.6478,1.4881,2.1667,1.7364,1.5366,2.2338,1.6038,1.6365,9.3621,9.2977,0.0,0.552,0.0
27,2013,400517.97,34967.08,3300935,0.12133470365214703,16,474857.0,0.1438553016039395,0.004847111500226451,1.9809,1.6656,1.5628,2.0036,1.6478,1.4881,2.1667,1.7364,1.5366,8.9855,9.3621,0.0,0.5873333333333334,0.0
27,2014,441612.03,35657.59,3321730,0.13294639540239575,32,519041.0,0.15625622792942231,0.009633534333013219,1.9324,1.6296,1.5846,1.9809,1.6656,1.5628,2.0036,1.6478,1.4881,9.0996,8.9855,0.0,0.6226666666666667,0.0
27,2015,425872.69,58705.0,3340932,0.12747122359868443,52,555241.0,0.16619344542181644,0.015564519122209013,1.9672,1.5365,1.6239,1.9324,1.6296,1.5846,1.9809,1.6656,1.5628,9.5178,9.0996,0.0,0.658,0.0
27,2016,453962.27,31762.0,3358963,0.13514952978047096,75,584003.0,0.17386407650218236,0.022328319782027966,2.0699,1.7632,1.6482,1.9672,1.5365,1.6239,1.9324,1.6296,1.5846,9.3428,9.5178,0.0,0.6933333333333334,0.0
27,2017,455660.7,35056.88,3375823,0.1349776632246418,146,613700.0,0.18179270654889193,0.04324871298050875,2.0637,1.7127,1.6701,2.0699,1.7632,1.6482,1.9672,1.5365,1.6239,9.58,9.3428,0.0,0.7286666666666667,0.0
27,2018,417718.71,77575.13,3322820,0.12571210899176002,227,644320.0,0.19390758452158108,0.06831546698286395,2.3275,1.779,1.8405,2.0637,1.7127,1.6701,2.0699,1.7632,1.6482,9.5896,9.58,0.0,0.764,26.0
27,2019,437071.22,73609.02,3337357,0.13096328022444106,492,681487.0,0.2041996106499844,0.1474220468472507,2.2215,1.7399,1.8431,2.3275,1.779,1.8405,2.0637,1.7127,1.6701,9.927,9.5896,0.0,0.7993333333333335,220.0
27,2020,423867.37,64922.41,3351543,0.12646932174225423,941,710782.0,0.21207604974783256,0.28076620231338223,2.0737,1.6364,1.6834,2.2215,1.7399,1.8431,2.3275,1.779,1.8405,9.9514,9.927,0.0,0.8346666666666667,400.0
27,2021,439772.33,69661.78,3365351,0.1306765119002446,1760,746629.0,0.2218576903271011,0.5229766523610762,2.5037,2.0636,2.0551,2.0737,1.6364,1.6834,2.2215,1.7399,1.8431,10.5785,9.9514,0.0,0.87,800.0
28,2006,170814.53,12774.68,2000738,0.08537576134406404,0,212199.0,0.10606036372578519,0.0,2.55,2.05,1.86,2.3928,1.7946,1.7534,2.2456,1.5588,1.537,11.056,10.5482,0.33,0.31,0.0
28,2007,176382.29,16849.14,2000056,0.08818867571707993,0,235051.0,0.11752220937813741,0.0,2.4124,1.8189,1.7806,2.55,2.05,1.86,2.3928,1.7946,1.7534,11.3112,11.056,0.33,0.33266666666666667,0.0
28,2008,197333.27,29434.48,1999374,0.09869752732605305,0,261909.0,0.1309955015919983,0.0,2.278,1.6543,1.826,2.4124,1.8189,1.7806,2.55,2.05,1.86,12.4643,11.3112,0.33,0.35533333333333333,0.0
28,2009,210071.2,52496.42,2019679,0.10401217223132983,0,298755.0,0.14792202127169712,0.0,2.2099,1.5339,1.7679,2.278,1.6543,1.826,2.4124,1.8189,1.7806,11.6532,12.4643,0.33,0.378,0.0
28,2010,259063.29,39229.34,2054749,0.12608026089804644,1,339432.0,0.1651938995955224,0.00048667744819440236,2.1357,1.5792,1.6202,2.2099,1.5339,1.7679,2.278,1.6543,1.826,12.4549,11.6532,0.33,0.40066666666666667,0.0
28,2011,298401.15,25245.97,2089819,0.14278803571026966,6,380723.0,0.1821798921341992,0.0028710620393440772,2.0975,1.7057,1.5597,2.1357,1.5792,1.6202,2.2099,1.5339,1.7679,12.8589,12.4549,0.0,0.42333333333333334,0.0
28,2012,340092.12,21122.42,2110867,0.16111489733839224,10,418794.0,0.1983990464581615,0.004737389897137053,1.9963,1.6624,1.5244,2.0975,1.7057,1.5597,2.1357,1.5792,1.6202,13.3112,12.8589,0.0,0.446,0.0
28,2013,366897.07,20763.23,2195662,0.16710088802374864,22,452801.0,0.20622527511065,0.010019757139304683,1.974,1.6998,1.6039,1.9963,1.6624,1.5244,2.0975,1.7057,1.5597,12.8034,13.3112,0.0,0.4686666666666667,0.0
28,2014,403098.47,21510.9,2219574,0.18161073701530112,43,487925.0,0.21982821928892662,0.01937308690766787,1.8937,1.6103,1.5974,1.974,1.6998,1.6039,1.9963,1.6624,1.5244,12.454,12.8034,0.0,0.49133333333333334,0.0
28,2015,390746.96,45478.3,2242937,0.17421218696735577,64,516933.0,0.2304714755697552,0.028534015890771786,1.9614,1.5424,1.6239,1.8937,1.6103,1.5974,1.974,1.6998,1.6039,11.7889,12.454,0.0,0.514,0.0
28,2016,398251.99,25192.3,2265779,0.17576824129802598,88,538534.0,0.2376816097245142,0.0388387393474827,2.0151,1.7194,1.6427,1.9614,1.5424,1.6239,1.8937,1.6103,1.5974,10.8851,11.7889,0.0,0.5366666666666666,0.0
28,2017,401427.9,22413.35,2288116,0.1754403622893245,166,560076.0,0.24477605156381932,0.07254876938057336,1.9733,1.6808,1.6435,2.0151,1.7194,1.6427,1.9614,1.5424,1.6239,10.8876,10.8851,0.0,0.5593333333333333,0.0
28,2018,370116.04,48435.7,2278308,0.16245215308904679,256,581384.0,0.2551823546245723,0.11236408773528425,2.266,1.7995,1.8046,1.9733,1.6808,1.6435,2.0151,1.7194,1.6427,10.8001,10.8876,0.0,0.5820000000000001,26.0
28,2019,380080.42,54119.38,2298696,0.16534610057180243,541,604269.0,0.2628746906942023,0.2353508249894723,2.1576,1.7104,1.7792,2.266,1.7995,1.8046,1.9733,1.6808,1.6435,10.9234,10.8001,0.0,0.6046666666666667,220.0
28,2020,357524.12,40584.87,2318822,0.15418351214539106,977,623559.0,0.2689119734071869,0.42133462594369037,2.0784,1.6599,1.6458,2.1576,1.7104,1.7792,2.266,1.7995,1.8046,10.3342,10.9234,0.0,0.6273333333333333,400.0
28,2021,366043.71,36890.18,2338474,0.15653101552550938,1723,644927.0,0.2757896816470912,0.7368052841297359,2.4866,2.0764,2.0209,2.0784,1.6599,1.6458,2.1576,1.7104,1.7792,10.3523,10.3342,0.0,0.65,800.0
29,2006,1006425.23,95525.76,13950146,0.07214442271786976,0,1082625.0,0.07760671465373911,0.0,2.64,1.86,1.84,2.4444,1.7637,1.7534,2.3546,1.646,1.5588,9.2077,9.1928,0.44,0.37,0.0
29,2007,988911.79,173953.49,14226354,0.06951266571884827,0,1215557.0,0.08544402873708892,0.0,2.4986,1.6178,1.7519,2.64,1.86,1.84,2.4444,1.7637,1.7534,9.5793,9.2077,0.44,0.3993333333333333,0.0
29,2008,1050094.4,369506.46,14502563,0.07240750479760025,0,1380513.0,0.09519096727936986,0.0,2.3684,1.5367,1.8079,2.4986,1.6178,1.7519,2.64,1.86,1.84,9.7613,9.5793,0.44,0.42866666666666664,0.0
29,2009,1056462.81,541169.67,14637364,0.0721757558259807,0,1570314.0,0.10728120172457281,0.0,2.2879,1.4993,1.7419,2.3684,1.5367,1.8079,2.4986,1.6178,1.7519,10.2178,9.7613,0.44,0.458,0.0
29,2010,1273406.05,498360.45,14367449,0.08863132557491592,1,1778228.0,0.12376783101857539,6.960177829759479e-05,2.2175,1.5383,1.5874,2.2879,1.4993,1.7419,2.3684,1.5367,1.8079,10.4561,10.2178,0.44,0.48733333333333334,0.0
29,2011,1588825.7,254228.59,14097534,0.11270238468657,5,1988030.0,0.14101969890620586,0.0003546719589397692,2.1129,1.6135,1.4905,2.2175,1.5383,1.5874,2.2879,1.4993,1.7419,10.9103,10.4561,0.0,0.5166666666666666,0.0
29,2012,1842729.92,197612.31,14175341,0.12999545619396385,8,2210467.0,0.1559374832675983,0.0005643603212084986,1.9818,1.5317,1.4518,2.1129,1.6135,1.4905,2.2175,1.5383,1.5874,11.0155,10.9103,0.0,0.546,0.0
29,2013,1943731.38,245539.53,15044137,0.12920191965813657,19,2417531.0,0.16069589103050577,0.0012629504769864832,1.9877,1.5353,1.5628,1.9818,1.5317,1.4518,2.1129,1.6135,1.4905,10.8326,11.0155,0.0,0.5753333333333334,0.0
29,2014,2145017.18,271186.74,15126371,0.141806463691787,38,2615006.0,0.172877288280183,0.0025121689795919986,1.9453,1.5266,1.5781,1.9877,1.5353,1.5628,1.9818,1.5317,1.4518,10.9206,10.8326,0.0,0.6046666666666667,0.0
29,2015,2050793.53,508118.76,15203334,0.1348910396890577,60,2773953.0,0.18245688741693106,0.003946502786822943,2.0487,1.5016,1.618,1.9453,1.5266,1.5781,1.9877,1.5353,1.5628,11.0534,10.9206,0.0,0.634,0.0
29,2016,2210592.76,306047.15,15276566,0.14470482175117103,87,2891284.0,0.189262691628472,0.0056949971610111855,2.0699,1.6482,1.6318,2.0487,1.5016,1.618,1.9453,1.5266,1.5781,10.7446,11.0534,0.0,0.6633333333333333,0.0
29,2017,2251135.71,277356.95,15344447,0.14670686470486685,164,3002868.0,0.19569737508298604,0.010687905533513198,2.0318,1.6063,1.6329,2.0699,1.6482,1.6318,2.0487,1.5016,1.618,10.7164,10.7446,0.0,0.6926666666666668,0.0
29,2018,2010769.64,501277.13,14812617,0.13574708912003866,268,3122693.0,0.21081305214331808,0.01809268409491719,2.3121,1.7379,1.7841,2.0318,1.6063,1.6329,2.0699,1.6482,1.6318,11.3162,10.7164,0.0,0.722,26.0
29,2019,2043682.94,594999.6,14873064,0.13740833361572302,549,3254105.0,0.2187918373779606,0.03691236721633148,2.2363,1.6907,1.7595,2.3121,1.7379,1.7841,2.0318,1.6063,1.6329,11.0779,11.3162,0.0,0.7513333333333334,220.0
29,2020,2001075.8,494275.91,14930634,0.13402483779322433,1020,3370436.0,0.22573964374185315,0.06831592014110051,2.0455,1.5659,1.5941,2.2363,1.6907,1.7595,2.3121,1.7379,1.7841,10.7914,11.0779,0.0,0.7806666666666667,400.0
29,2021,2064159.04,465818.99,14985284,0.1377457404210691,1828,3491566.0,0.232999654861396,0.12198634340196689,2.5122,2.0422,1.9568,2.0455,1.5659,1.5941,2.2363,1.6907,1.7595,10.9842,10.7914,0.0,0.81,800.0
31,2006,2698050.56,371414.32,19479356,0.13850820119515245,0,3810448.0,0.1956146804853302,0.0,2.49,1.91,1.83,2.331,1.6193,1.7431,2.2456,1.4716,1.5588,14.7073,14.0844,25.22,0.43,0.0
31,2007,2827568.22,602743.95,19664708,0.14378897566137266,0,4202883.0,0.21372720103446236,0.0,2.355,1.6178,1.7423,2.49,1.91,1.83,2.331,1.6193,1.7431,15.5093,14.7073,25.22,0.4513333333333333,0.0
31,2008,2924880.57,957199.81,19850060,0.1473487017167706,0,4666805.0,0.23510281581012854,0.0,2.2147,1.4735,1.7899,2.355,1.6178,1.7423,2.49,1.91,1.83,16.3308,15.5093,25.22,0.4726666666666667,0.0
31,2009,3008093.69,1204429.53,20033665,0.15015194124489953,1,5115845.0,0.2553624112213117,4.9915978928468654e-05,2.1145,1.4299,1.7332,2.2147,1.4735,1.7899,2.355,1.6178,1.7423,15.5566,16.3308,25.22,0.494,0.0
31,2010,3677903.76,838161.04,19881183,0.1849942108575732,2,5605182.0,0.2819340277688707,0.00010059763546263821,2.062,1.5138,1.5956,2.1145,1.4299,1.7332,2.2147,1.4735,1.7899,17.4387,15.5566,25.22,0.5153333333333333,0.0
31,2011,4099918.36,568764.82,19728701,0.20781491695778653,9,6110577.0,0.3097303263909773,0.0004561881697127449,2.1436,1.6519,1.5213,2.062,1.5138,1.5956,2.1145,1.4299,1.7332,18.7238,17.4387,18.16,0.5366666666666666,0.0
31,2012,4459305.49,524092.21,19855332,0.22458982252223234,14,6594295.0,0.3321170857279042,0.0007051002723097252,2.0398,1.5462,1.5244,2.1436,1.6519,1.5213,2.062,1.5138,1.5956,19.0513,18.7238,18.16,0.558,0.0
31,2013,4655426.52,726896.12,20593356,0.22606448992577993,33,7032747.0,0.34150562929131123,0.0016024585793592847,1.9809,1.4325,1.6039,2.0398,1.5462,1.5244,2.1436,1.6519,1.5213,18.8526,19.0513,18.16,0.5793333333333333,0.0
31,2014,4986074.28,749658.98,20734097,0.24047704030708453,64,7428652.0,0.35828191601495835,0.003086703028349872,1.9195,1.4171,1.6296,1.9809,1.4325,1.6039,2.0398,1.5462,1.5244,18.3809,18.8526,18.16,0.6006666666666667,0.0
31,2015,4296429.03,1789938.3,20869101,0.20587513712258138,93,7749690.0,0.3713475726625694,0.00445634912591587,1.9614,1.3503,1.6471,1.9195,1.4171,1.6296,1.9809,1.4325,1.6039,17.0661,18.3809,18.16,0.622,0.0
31,2016,4512741.38,1447289.1,20997560,0.21491741802380848,133,8031921.0,0.38251687338909857,0.006334069291860578,2.0315,1.4839,1.6427,1.9614,1.3503,1.6471,1.9195,1.4171,1.6296,16.46,17.0661,18.16,0.6433333333333333,0.0
31,2017,4570210.88,1468581.61,21119536,0.2163973147894916,255,8348953.0,0.3953189596589622,0.012074128901316771,2.0478,1.4627,1.6648,2.0315,1.4839,1.6427,1.9614,1.3503,1.6471,16.6999,16.46,18.16,0.6646666666666666,0.0
31,2018,3572714.95,2488314.95,21040662,0.16980050104887384,405,8689872.0,0.4130037353387455,0.01924844379896412,2.3942,1.5688,1.8251,2.0478,1.4627,1.6648,2.0315,1.4839,1.6427,17.1132,16.6999,18.16,0.6859999999999999,26.0
31,2019,3300671.72,3190914.71,21168791,0.15592159797883592,857,9066576.0,0.42829918817753926,0.04048412590024626,2.2903,1.4745,1.7841,2.3942,1.5688,1.8251,2.0478,1.4627,1.6648,17.3022,17.1132,18.16,0.7073333333333334,220.0
31,2020,3239443.27,2743683.85,21292666,0.15213892285728806,1600,9266880.0,0.4352146415108376,0.07514324415740142,2.0925,1.406,1.6411,2.2903,1.4745,1.7841,2.3942,1.5688,1.8251,16.922,17.3022,18.16,0.7286666666666666,400.0
31,2021,3690060.85,2331020.92,21411923,0.17233673266992414,3111,9541404.0,0.4456117276341784,0.14529288191443618,2.5635,1.8842,1.9653,2.0925,1.406,1.6411,2.2903,1.4745,1.7841,18.6962,16.922,18.16,0.75,800.0
32,2006,461645.14,42426.78,3464285,0.13325841840379762,0,620150.0,0.17901240804379548,0.0,2.62,1.97,1.87,2.4341,1.5987,1.8359,2.3219,1.3735,1.6351,20.7906,19.844,6.45,0.29,0.0
32,2007,474983.77,70831.09,3458966,0.13731958336682118,0,697511.0,0.20165303735278114,0.0,2.5081,1.7231,1.7806,2.62,1.97,1.87,2.4341,1.5987,1.8359,21.6348,20.7906,6.45,0.3173333333333333,0.0
32,2008,485291.81,137246.77,3453646,0.14051579403332015,0,786748.0,0.2278021545925668,0.0,2.3774,1.6,1.8351,2.5081,1.7231,1.7806,2.62,1.97,1.87,24.2874,21.6348,6.45,0.3446666666666666,0.0
32,2009,511197.59,172831.93,3487199,0.14659260627225462,1,872508.0,0.2502030999664774,0.0002867631012741171,2.2792,1.5946,1.7939,2.3774,1.6,1.8351,2.5081,1.7231,1.7806,21.5203,24.2874,6.45,0.372,0.0
32,2010,638223.62,85759.13,3517127,0.18146163615928568,2,944266.0,0.2684765150647105,0.0005686459431234641,2.2011,1.6611,1.6529,2.2792,1.5946,1.7939,2.3774,1.6,1.8351,23.074,21.5203,6.45,0.3993333333333333,0.0
32,2011,715752.59,55732.65,3547055,0.20178784653747966,14,1018634.0,0.2871773908213997,0.0039469362612082415,2.2051,1.8286,1.5827,2.2011,1.6611,1.6529,2.2792,1.5946,1.7939,27.5827,23.074,2.25,0.42666666666666664,0.0
32,2012,821777.45,47371.0,3578067,0.22967078313513972,21,1099789.0,0.3073695936940253,0.005869090768842507,2.0544,1.7858,1.5317,2.2051,1.8286,1.5827,2.2011,1.6611,1.6529,27.9309,27.5827,2.25,0.45399999999999996,0.0
32,2013,861718.45,41948.7,3839366,0.22444290281259976,43,1170850.0,0.3049592042019438,0.011199765794665056,1.9809,1.7067,1.597,2.0544,1.7858,1.5317,2.2051,1.8286,1.5827,24.3007,27.9309,2.25,0.4813333333333333,0.0
32,2014,934933.59,42008.75,3885049,0.24064911150412774,86,1236888.0,0.3183712740817426,0.022136142941826475,1.9324,1.6812,1.6039,1.9809,1.7067,1.597,2.0544,1.7858,1.5317,24.453,24.3007,2.25,0.5086666666666666,0.0
32,2015,917021.22,63513.2,3929911,0.2333440172054787,115,1285926.0,0.3272150438012464,0.02926274920729757,1.9672,1.6297,1.6297,1.9324,1.6812,1.6039,1.9809,1.7067,1.597,21.0046,24.453,2.25,0.5359999999999999,0.0
32,2016,947149.01,41293.6,3973697,0.23835461284541826,141,1321840.0,0.332647406181196,0.03548332950398583,2.0151,1.7523,1.6373,1.9672,1.6297,1.6297,1.9324,1.6812,1.6039,17.4436,21.0046,2.25,0.5633333333333332,0.0
32,2017,937560.44,33730.63,4016356,0.23343559186486457,264,1359884.0,0.3385865197208614,0.06573122502088959,2.0052,1.7765,1.6808,2.0151,1.7523,1.6373,1.9672,1.6297,1.6297,17.2772,17.4436,2.25,0.5906666666666667,0.0
32,2018,909645.08,53054.62,3972388,0.22899200178834495,478,1402987.0,0.353184784567872,0.12033064242465741,2.2455,1.8251,1.7482,2.0052,1.7765,1.6808,2.0151,1.7523,1.6373,20.1993,17.2772,2.25,0.6179999999999999,26.0
32,2019,932664.15,61911.12,4018650,0.23208394610130267,952,1449206.0,0.36062010874298583,0.23689547484851878,2.192,1.7644,1.7546,2.2455,1.8251,1.7482,2.0052,1.7765,1.6808,19.203,20.1993,2.25,0.6453333333333333,220.0
32,2020,904269.24,40861.24,4064052,0.22250434787743859,1700,1491288.0,0.3669460922251979,0.4183017343282025,1.975,1.6881,1.5471,2.192,1.7644,1.7546,2.2455,1.8251,1.7482,17.9771,19.203,2.25,0.6726666666666666,400.0
32,2021,1040631.46,53869.41,4108508,0.25328694990979694,3523,1536195.0,0.37390580716892846,0.8574888986464186,2.4994,2.1234,1.8756,1.975,1.6881,1.5471,2.192,1.7644,1.7546,21.171,17.9771,2.25,0.7,800.0
33,2006,1660802.99,224254.94,15561720,0.10672361345661019,0,2826689.0,0.18164373860987088,0.0,2.56,1.88,1.82,2.4135,1.609,1.7431,2.311,1.4062,1.5697,25.9481,25.2305,10.12,0.33,0.0
33,2007,1635151.71,359404.27,15717041,0.10403686737217266,0,3027690.0,0.1926374054760053,0.0,2.422,1.6274,1.7327,2.56,1.88,1.82,2.4135,1.609,1.7431,26.0189,25.9481,10.12,0.364,0.0
33,2008,1616429.48,677059.6,15872362,0.10183925240616362,0,3254299.0,0.20502928297628292,0.0,2.3051,1.5187,1.7989,2.422,1.6274,1.7327,2.56,1.88,1.82,27.7304,26.0189,10.12,0.398,0.0
33,2009,1636890.68,872813.85,16010429,0.10223902682432806,1,3484470.0,0.21763751614650675,6.245928825517417e-05,2.2272,1.4819,1.7592,2.3051,1.5187,1.7989,2.422,1.6274,1.7327,26.5228,27.7304,10.12,0.43200000000000005,0.0
33,2010,1867262.45,746457.54,16061554,0.1162566492632033,3,3748477.0,0.2333819629159171,0.00018678142849689388,2.1684,1.5301,1.6283,2.2272,1.4819,1.7592,2.3051,1.5187,1.7989,27.9867,26.5228,10.12,0.466,0.0
33,2011,2280077.81,531759.96,16112678,0.14150830855057117,15,4022457.0,0.24964546551479525,0.0009309439436448739,2.1743,1.721,1.5366,2.1684,1.5301,1.6283,2.2272,1.4819,1.7592,29.3799,27.9867,8.36,0.5,0.0
33,2012,2470659.32,435277.07,16231365,0.15221512916504557,23,4312342.0,0.2656795654586044,0.0014170095983917557,2.0689,1.6188,1.4881,2.1743,1.721,1.5366,2.1684,1.5301,1.6283,30.292,29.3799,8.36,0.534,0.0
33,2013,2616821.21,583074.86,16369179,0.159862703560148,54,4587953.0,0.28027997005836397,0.0032988826134774385,2.0563,1.5696,1.5559,2.0689,1.6188,1.4881,2.1743,1.721,1.5366,30.5326,30.292,8.36,0.5680000000000001,0.0
33,2014,2861013.38,590305.33,16461173,0.17380373682969008,105,4851104.0,0.294699776255313,0.006378646284806071,2.0161,1.5781,1.591,2.0563,1.5696,1.5559,2.0689,1.6188,1.4881,30.0732,30.5326,8.36,0.6020000000000001,0.0
33,2015,2733573.24,664315.16,16550024,0.16517034899768124,149,5052153.0,0.30526559961484045,0.009003008092314548,2.0662,1.5889,1.6297,2.0161,1.5781,1.591,2.0563,1.5696,1.5559,27.3131,30.0732,8.36,0.6360000000000001,0.0
33,2016,2684903.52,480808.2,16635996,0.16139120975984847,198,5194105.0,0.3122208613178315,0.011901902356793065,2.1465,1.7742,1.6756,2.0662,1.5889,1.6297,2.0161,1.5781,1.591,24.4206,27.3131,8.36,0.67,0.0
33,2017,2522844.54,473762.91,16718956,0.15089725339309465,376,5319312.0,0.31816053586121046,0.022489442522607272,2.1861,1.7606,1.7127,2.1465,1.7742,1.6756,2.0662,1.5889,1.6297,24.5809,24.4206,8.36,0.704,0.0
33,2018,2001603.03,746351.28,17159960,0.11664380511376483,614,5460895.0,0.31823471616483956,0.03578096918640836,2.4864,1.8097,1.8302,2.1861,1.7606,1.7127,2.1465,1.7742,1.6756,25.897,24.5809,8.36,0.738,26.0
33,2019,2033178.94,796981.16,17264943,0.11776343194414253,1258,5632075.0,0.32621451458021034,0.07286441663896602,2.3886,1.8824,1.7644,2.4864,1.8097,1.8302,2.1861,1.7606,1.7127,25.3819,25.897,8.36,0.772,220.0
33,2020,1854930.42,563744.29,17366189,0.10681275091501077,2166,5732832.0,0.3301145691780736,0.12472511959877898,2.2383,1.8292,1.627,2.3886,1.8824,1.7644,2.4864,1.8097,1.8302,22.9067,25.3819,8.36,0.806,400.0
33,2021,1852349.68,585565.77,17463349,0.1060707015590194,4223,5872540.0,0.33627799570403133,0.24182074125644515,2.6917,2.2473,1.9354,2.2383,1.8292,1.627,2.3886,1.8824,1.7644,25.3748,22.9067,8.36,0.84,800.0
35,2006,7041660.74,3743678.35,41055734,0.17151467173866627,0,12391351.0,0.30181779236975764,0.0,2.44,1.42,1.86,2.3,1.2171,1.7843,2.1802,1.0683,1.5806,27.0554,26.4278,22.82,0.27,0.0
35,2007,7153912.53,5545120.15,41033686,0.1743424300220068,0,13438419.0,0.3274972421439302,0.0,2.3071,1.2158,1.771,2.44,1.42,1.86,2.3,1.2171,1.7843,28.7334,27.0554,22.82,0.29733333333333334,0.0
35,2008,7020308.36,7251252.89,41011638,0.17117844354326936,0,14553677.0,0.35486700141067273,0.0,2.1695,1.148,1.826,2.3071,1.2158,1.771,2.44,1.42,1.86,29.5767,28.7334,22.82,0.32466666666666666,0.0
35,2009,6696778.62,8609999.21,41384039,0.16182032449756778,2,15584857.0,0.376591008915297,4.832781063250013e-05,2.0799,1.1526,1.7679,2.1695,1.148,1.826,2.3071,1.2158,1.771,29.5291,29.5767,22.82,0.35200000000000004,0.0
35,2010,7436236.66,8374256.7,41485610,0.17924857944718664,3,16657416.0,0.4015227448746686,7.231423136841908e-05,2.0129,1.2438,1.612,2.0799,1.1526,1.7679,2.1695,1.148,1.826,30.473,29.5291,22.82,0.37933333333333336,0.0
35,2011,9461875.41,6490307.28,41587182,0.22751903242686652,17,17711806.0,0.42589579644997344,0.00040877980143016183,2.0284,1.4368,1.5213,2.0129,1.2438,1.612,2.0799,1.1526,1.7679,31.893,30.473,11.0,0.4066666666666667,0.0
35,2012,10305844.77,5834459.53,41901219,0.24595572672957317,24,18691848.0,0.44609317929390074,0.0005727756989599754,1.9164,1.3139,1.4736,2.0284,1.4368,1.5213,2.0129,1.2438,1.612,31.8222,31.893,11.0,0.43400000000000005,0.0
35,2013,10476822.09,6656752.87,43663669,0.23994369529505183,55,19621636.0,0.44938129225924645,0.00125962845678406,1.8712,1.2543,1.5559,1.9164,1.3139,1.4736,2.0284,1.4368,1.5213,31.2521,31.8222,11.0,0.4613333333333334,0.0
35,2014,10849785.85,7576593.25,44035304,0.24638834899379825,109,20453237.0,0.46447361871284004,0.0024752866472773755,1.8486,1.2367,1.5781,1.8712,1.2543,1.5559,1.9164,1.3139,1.4736,31.1285,31.2521,11.0,0.4886666666666667,0.0
35,2015,9436733.19,9456061.06,44396484,0.2125558679376502,164,21103338.0,0.47533804703994126,0.003693986217467131,1.8567,1.2223,1.5948,1.8486,1.2367,1.5781,1.8712,1.2543,1.5559,29.9656,31.1285,11.0,0.516,0.0
35,2016,9990516.46,8356468.94,44749699,0.22325326612811408,234,21625662.0,0.4832582672790715,0.0052290854515021435,1.9165,1.358,1.5935,1.8567,1.2223,1.5948,1.8486,1.2367,1.5781,28.902,29.9656,11.0,0.5433333333333333,0.0
35,2017,10472113.33,7688115.25,45094866,0.23222407025225444,440,22212073.0,0.4925632332514304,0.009757208281758726,1.9042,1.335,1.6116,1.9165,1.358,1.5935,1.8567,1.2223,1.5948,28.7778,28.902,11.0,0.5706666666666667,0.0
35,2018,8425692.44,9956761.3,45538936,0.18502172382771526,673,22863739.0,0.5020701186343045,0.014778562239574505,2.1481,1.3893,1.7328,1.9042,1.335,1.6116,1.9165,1.358,1.5935,28.4265,28.7778,11.0,0.5980000000000001,26.0
35,2019,7947691.13,11673779.17,45919049,0.1730804819150327,1424,23561184.0,0.5131026123820639,0.031011095199292998,2.0347,1.3319,1.7104,2.1481,1.3893,1.7328,1.9042,1.335,1.6116,28.7344,28.4265,11.0,0.6253333333333333,220.0
35,2020,7176931.3,10139673.62,46289333,0.1550450359697341,2563,24037984.0,0.5192985606424703,0.05536912791549621,1.9232,1.3025,1.5706,2.0347,1.3319,1.7104,2.1481,1.3893,1.7328,27.1058,28.7344,11.0,0.6526666666666667,400.0
35,2021,8848800.97,8466774.43,46649132,0.18968843771841243,4529,24420477.0,0.523492634332403,0.09708647955121652,2.3413,1.7688,1.9183,1.9232,1.3025,1.5706,2.0347,1.3319,1.7104,27.2153,27.1058,11.0,0.68,800.0
41,2006,1645806.4,520583.66,10387378,0.15844291023201426,0,2844716.0,0.2738627592064138,0.0,2.5,1.66,1.84,2.3619,1.4336,1.774,2.2674,1.2645,1.5915,17.852,17.867,46.5,0.26,0.0
41,2007,1639229.44,701253.42,10488774,0.15628417963815408,0,3107231.0,0.29624348851448223,0.0,2.3358,1.3785,1.7519,2.5,1.66,1.84,2.3619,1.4336,1.774,20.0251,17.852,46.5,0.2853333333333333,0.0
41,2008,1699665.49,904330.3,10590171,0.16049462185265942,0,3393214.0,0.3204116345241262,0.0,2.1786,1.2746,1.7989,2.3358,1.3785,1.7519,2.5,1.66,1.84,20.4008,20.0251,46.5,0.31066666666666665,0.0
41,2009,1604062.92,1193029.92,10686247,0.1501053569134234,1,3655421.0,0.3420677998552719,9.357822255091053e-05,2.1405,1.2739,1.7419,2.1786,1.2746,1.7989,2.3358,1.3785,1.7519,19.9548,20.4008,46.5,0.336,0.0
41,2010,1885665.17,1347000.53,10599298,0.1779047225580411,2,3930708.0,0.37084606923967983,0.00018869174166062696,2.0702,1.3338,1.5874,2.1405,1.2739,1.7419,2.1786,1.2746,1.7989,20.9904,19.9548,46.5,0.36133333333333334,0.0
41,2011,2403005.27,811371.73,10512349,0.22858880255973238,12,4215870.0,0.40103976761045507,0.0011415146129566285,2.0591,1.5136,1.5136,2.0702,1.3338,1.5874,2.1405,1.2739,1.7419,22.5807,20.9904,28.0,0.38666666666666666,0.0
41,2012,2771272.22,814623.78,10577755,0.26199058495871763,17,4499433.0,0.4253674810959414,0.0016071463179096132,1.9527,1.4083,1.4664,2.0591,1.5136,1.5136,2.0702,1.3338,1.5874,23.0939,22.5807,28.0,0.41200000000000003,0.0
41,2013,2752702.11,1128902.48,10997465,0.2503033299037551,42,4770538.0,0.43378524050769884,0.003819061938364887,1.9466,1.3366,1.5422,1.9527,1.4083,1.4664,2.0591,1.5136,1.5136,24.1242,23.0939,28.0,0.43733333333333335,0.0
41,2014,2886674.1,1235720.77,11081692,0.2604903745745686,81,5019909.0,0.4529912038703115,0.007309353120444062,1.9002,1.314,1.5781,1.9466,1.3366,1.5422,1.9527,1.4083,1.4664,23.1711,24.1242,28.0,0.46266666666666667,0.0
41,2015,2591179.51,1690431.63,11163018,0.23212177119126742,126,5185548.0,0.46452921602383873,0.011287270162961306,1.9149,1.3096,1.5889,1.9002,1.314,1.5781,1.9466,1.3366,1.5422,23.1584,23.1711,28.0,0.488,0.0
41,2016,2881573.09,1245240.13,11242720,0.2563056884810793,183,5304676.0,0.4718320833392631,0.01627719982353025,1.9877,1.4785,1.5661,1.9149,1.3096,1.5889,1.9002,1.314,1.5781,22.6729,23.1584,28.0,0.5133333333333333,0.0
41,2017,3065370.17,1067031.32,11320892,0.27077108146601875,348,5432597.0,0.47987358239969075,0.030739627230787114,1.968,1.4627,1.5478,1.9877,1.4785,1.5661,1.9149,1.3096,1.5889,22.7829,22.6729,28.0,0.5386666666666666,0.0
41,2018,2535773.94,1566082.41,11348937,0.22343713248209943,538,5590796.0,0.49262728306624665,0.047405320868377364,2.1891,1.5124,1.6815,1.968,1.4627,1.5478,1.9877,1.4785,1.5661,22.7055,22.7829,28.0,0.5640000000000001,26.0
41,2019,2514962.03,1776444.4,11433957,0.2199555263326598,1136,5773836.0,0.5049726879329702,0.09935318105534244,2.0495,1.44,1.6563,2.1891,1.5124,1.6815,1.968,1.4627,1.5478,22.9179,22.7055,28.0,0.5893333333333333,220.0
41,2020,2491379.57,1329473.3,11516840,0.21632492680283827,2114,5922506.0,0.5142474845530545,0.18355729523028885,1.8903,1.3966,1.5047,2.0495,1.44,1.6563,2.1891,1.5124,1.6815,22.3575,22.9179,28.0,0.6146666666666667,400.0
41,2021,2798206.39,1010990.77,11597484,0.24127702094695713,3684,6077393.0,0.5240268492717903,0.31765510519350576,2.3627,1.8713,1.8543,1.8903,1.3966,1.5047,2.0495,1.44,1.6563,22.1363,22.3575,28.0,0.64,800.0
42,2006,1478528.47,193058.54,5958266,0.24814744256130894,0,1911230.0,0.32076949904552765,0.0,2.57,1.82,1.9,2.496,1.6709,1.8153,2.3655,1.5043,1.6242,20.5895,19.9951,78.71,0.3,0.0
42,2007,1339062.33,242397.14,6005426,0.22297541090340636,0,2086779.0,0.3474822602093507,0.0,2.4316,1.637,1.7997,2.57,1.82,1.9,2.496,1.6709,1.8153,21.6215,20.5895,78.71,0.3193333333333333,0.0
42,2008,1375977.99,376158.48,6052587,0.2273371683876663,0,2262893.0,0.3738720319096611,0.0,2.2961,1.5367,1.8441,2.4316,1.637,1.7997,2.57,1.82,1.9,23.3524,21.6215,78.71,0.33866666666666667,0.0
42,2009,1451702.97,498649.85,6118743,0.2372550979833603,1,2448091.0,0.40009704607629376,0.00016343226051494564,2.1925,1.4993,1.8026,2.2961,1.5367,1.8441,2.4316,1.637,1.7997,22.8761,23.3524,78.71,0.358,0.0
42,2010,1787184.72,290593.44,6217898,0.28742586642624246,2,2641555.0,0.4248308672802288,0.00032165210815616465,2.1111,1.6038,1.6611,2.1925,1.4993,1.8026,2.2961,1.5367,1.8441,24.2034,22.8761,78.71,0.3773333333333333,0.0
42,2011,2008653.52,123082.12,6317054,0.3179731438103901,13,2829111.0,0.44785290738372663,0.002057921303189746,2.0898,1.7979,1.5751,2.1111,1.6038,1.6611,2.1925,1.4993,1.8026,25.4391,24.2034,96.0,0.3966666666666666,0.0
42,2012,2225459.46,94663.11,6362734,0.34976465462802625,19,3014934.0,0.47384253372842555,0.0029861377200429877,1.9745,1.7277,1.5244,2.0898,1.7979,1.5751,2.1111,1.6038,1.6611,25.7807,25.4391,96.0,0.416,0.0
42,2013,2364078.62,110495.72,6634254,0.35634430336854755,45,3191865.0,0.4811189019895832,0.006782978161523511,1.9534,1.645,1.5902,1.9745,1.7277,1.5244,2.0898,1.7979,1.5751,25.7238,25.7807,96.0,0.4353333333333333,0.0
42,2014,2571463.1,107772.36,6727148,0.38225160201618874,93,3352621.0,0.4983718211640356,0.013824580639522127,1.9066,1.6039,1.6168,1.9534,1.645,1.5902,1.9745,1.7277,1.5244,26.5977,25.7238,96.0,0.45466666666666666,0.0
42,2015,2560629.76,157132.54,6819190,0.3755035070147627,137,3470668.0,0.5089560490322165,0.020090362638377872,1.8974,1.5191,1.6239,1.9066,1.6039,1.6168,1.9534,1.645,1.5902,25.0494,26.5977,96.0,0.474,0.0
42,2016,2700772.29,74866.3,6910553,0.39081854809593386,191,3566641.0,0.51611513579304,0.027638887944278843,1.9275,1.7085,1.6154,1.8974,1.5191,1.6239,1.9066,1.6039,1.6168,23.5717,25.0494,96.0,0.4933333333333333,0.0
42,2017,2807016.35,67385.11,7001161,0.4009358376417854,371,3678641.0,0.5254329960416565,0.052991211029142164,1.9467,1.7233,1.617,1.9275,1.7085,1.6154,1.8974,1.5191,1.6239,24.2341,23.5717,96.0,0.5126666666666666,0.0
42,2018,2750212.92,96304.71,7075494,0.38869553419167624,585,3806972.0,0.5380503467319737,0.08267973939346143,2.1019,1.7841,1.7174,1.9467,1.7233,1.617,1.9275,1.7085,1.6154,24.7619,24.2341,96.0,0.532,26.0
42,2019,2885318.42,81554.81,7164788,0.4027081359560115,1256,3949457.0,0.5512315228308221,0.17530176747727916,2.0053,1.7448,1.6956,2.1019,1.7841,1.7174,1.9467,1.7233,1.617,25.4318,24.7619,96.0,0.5513333333333332,220.0
42,2020,2636645.8,77382.63,7252502,0.36354982046195916,2403,4064977.0,0.5604930546727185,0.331333931379819,1.9515,1.7069,1.58,2.0053,1.7448,1.6956,2.1019,1.7841,1.7174,25.4143,25.4318,96.0,0.5706666666666667,400.0
42,2021,2839222.85,61846.72,7338473,0.38689559122177053,4537,4169627.0,0.5681872781980666,0.618248510282725,2.3755,2.1448,1.9055,1.9515,1.7069,1.58,2.0053,1.7448,1.6956,27.2611,25.4143,96.0,0.59,800.0
43,2006,1898189.9,158758.98,10963219,0.17314165666124154,0,2901077.0,0.2646190867846387,0.0,2.72,2.17,1.96,2.6507,1.8668,1.8978,2.4527,1.5806,1.6678,18.1399,18.0863,89.82,0.31,0.0
43,2007,1967365.6,220297.42,10909224,0.1803396465229791,0,3094986.0,0.28370358881621643,0.0,2.4507,1.6944,1.8667,2.72,2.17,1.96,2.6507,1.8668,1.8978,19.6086,18.1399,89.82,0.3353333333333333,0.0
43,2008,2121884.89,324890.4,10855228,0.1954712411383713,0,3325879.0,0.3063849971644999,0.0,2.3232,1.6091,1.9074,2.4507,1.6944,1.8667,2.72,2.17,1.96,20.39,19.6086,89.82,0.36066666666666664,0.0
43,2009,2245512.8,403028.33,10914128,0.20574367462063847,1,3557165.0,0.3259229688345235,9.162436064521142e-05,2.2185,1.5599,1.8286,2.3232,1.6091,1.9074,2.4507,1.6944,1.8667,20.3001,20.39,89.82,0.386,0.0
43,2010,2582903.54,240893.3,10823579,0.238636733745834,2,3789184.0,0.35008604824707246,0.00018478176211399205,2.1275,1.6447,1.6774,2.2185,1.5599,1.8286,2.3232,1.6091,1.9074,21.8939,20.3001,89.82,0.41133333333333333,0.0
43,2011,2813757.28,137121.91,10733030,0.26215870821194015,12,4040480.0,0.37645287491044,0.0011180440192564449,2.1129,1.8209,1.5981,2.1275,1.6447,1.6774,2.2185,1.5599,1.8286,22.7989,21.8939,63.0,0.43666666666666665,0.0
43,2012,3081486.6,115215.87,10768025,0.2861700822574242,17,4314406.0,0.40066827482291323,0.001578748191985067,2.0036,1.7422,1.5462,2.1129,1.8209,1.5981,2.1275,1.6447,1.6774,22.8421,22.7989,63.0,0.46199999999999997,0.0
43,2013,3297196.15,111449.65,11164043,0.2953406888525958,42,4581606.0,0.41038949778319556,0.0037620779497176786,1.9671,1.6656,1.597,2.0036,1.7422,1.5462,2.1129,1.8209,1.5981,23.6796,22.8421,63.0,0.4873333333333333,0.0
43,2014,3552611.8,114072.73,11207274,0.31699160741496996,82,4813166.0,0.42946804013179296,0.007316676651253463,1.9066,1.5974,1.6103,1.9671,1.6656,1.597,2.0036,1.7422,1.5462,23.552,23.6796,63.0,0.5126666666666666,0.0
43,2015,3494738.69,167631.84,11247972,0.3106994478649129,127,4979890.0,0.4427366995579292,0.011290924266169938,1.9556,1.5598,1.6239,1.9066,1.5974,1.6103,1.9671,1.6656,1.597,23.2902,23.552,63.0,0.5379999999999999,0.0
43,2016,3463356.22,68922.76,11286500,0.30685830151065435,186,5110566.0,0.45280343773534754,0.016479865325831747,2.1191,1.9384,1.6099,1.9556,1.5598,1.6239,1.9066,1.5974,1.6103,22.9771,23.2902,63.0,0.5633333333333332,0.0
43,2017,3594255.28,54731.47,11322895,0.31743253646704306,350,5243885.0,0.4631222845394221,0.03091082271804163,2.0797,1.9308,1.6063,2.1191,1.9384,1.6099,1.9556,1.5598,1.6239,22.8746,22.9771,63.0,0.5886666666666667,0.0
43,2018,3461000.8,69212.42,11329605,0.30548291842478176,560,5390927.0,0.4758265623558809,0.04942802507236572,2.3531,2.0507,1.7533,2.0797,1.9308,1.6063,2.1191,1.9384,1.6099,23.6428,22.8746,63.0,0.6139999999999999,26.0
43,2019,3553480.34,53036.35,11377239,0.3123323980449035,1181,5537781.0,0.4867420821519175,0.10380374359719437,2.2166,1.9954,1.7251,2.3531,2.0507,1.7533,2.0797,1.9308,1.6063,23.833,23.6428,63.0,0.6393333333333333,220.0
43,2020,3178280.53,34970.56,11422973,0.27823584368097515,2057,5652970.0,0.4948772968298183,0.18007571233863548,2.0455,1.9468,1.5847,2.2166,1.9954,1.7251,2.3531,2.0507,1.7533,21.7563,23.833,63.0,0.6646666666666666,400.0
43,2021,3269749.53,34293.31,11466630,0.2851534871187088,3938,5757684.0,0.5021252102841026,0.3434313307397204,2.5678,2.4481,1.9013,2.0455,1.9468,1.5847,2.2166,1.9954,1.7251,23.6635,21.7563,63.0,0.69,800.0
50,2006,318707.13,65292.34,2297981,0.1386900631467362,0,473416.0,0.20601388784328503,0.0,2.76,1.94,2.06,2.6404,1.7018,1.97,2.4527,1.5588,1.755,15.6338,15.0707,9.29,0.43,0.0
50,2007,328961.32,105473.42,2317020,0.14197603818698157,0,522361.0,0.2254451839000095,0.0,2.5943,1.6561,1.9529,2.76,1.94,2.06,2.6404,1.7018,1.97,15.9849,15.6338,9.29,0.46,0.0
50,2008,356358.49,166280.15,2336060,0.15254680530465828,0,578290.0,0.2475492923983117,0.0,2.4498,1.5729,1.9797,2.5943,1.6561,1.9529,2.76,1.94,2.06,18.0398,15.9849,9.29,0.49,0.0
50,2009,372538.16,207976.53,2360498,0.1578218494571908,1,634753.0,0.26890639178681786,0.0004236394184616975,2.3139,1.5079,1.9152,2.4498,1.5729,1.9797,2.5943,1.6561,1.9529,18.1514,18.0398,9.29,0.52,0.0
50,2010,451271.24,168271.84,2419020,0.186551264561682,2,699670.0,0.28923696372911345,0.0008267810931699614,2.1684,1.4892,1.7593,2.3139,1.5079,1.9152,2.4498,1.5729,1.9797,19.0127,18.1514,9.29,0.55,0.0
50,2011,552064.64,105792.03,2477542,0.22282756054185965,10,765511.0,0.30898002940010705,0.0040362585175145365,2.0975,1.5981,1.6673,2.1684,1.4892,1.7593,2.3139,1.5079,1.9152,20.5442,19.0127,0.0,0.5800000000000001,0.0
50,2012,643255.26,90758.84,2500365,0.257264543376667,16,830454.0,0.33213310856614936,0.006399065736402486,2.0181,1.5462,1.6188,2.0975,1.5981,1.6673,2.1684,1.4892,1.7593,21.2121,20.5442,0.0,0.61,0.0
50,2013,671116.67,130868.23,2587269,0.25939191866017797,37,894174.0,0.34560534679617777,0.014300793616744143,2.0563,1.4805,1.6998,2.0181,1.5462,1.6188,2.0975,1.5981,1.6673,21.2794,21.2121,0.0,0.64,0.0
50,2014,717740.23,156077.91,2619657,0.27398252137589,78,950010.0,0.3626467129093618,0.02977489037686995,1.9839,1.4106,1.7263,2.0563,1.4805,1.6998,2.0181,1.5462,1.6188,22.2319,21.2794,0.0,0.67,0.0
50,2015,663753.43,231696.16,2651235,0.25035631696171784,117,993311.0,0.37465973404847175,0.0441303769752587,1.9498,1.3794,1.7519,1.9839,1.4106,1.7263,2.0563,1.4805,1.6998,21.4909,22.2319,0.0,0.7,0.0
50,2016,741872.02,116193.77,2682386,0.27657168655070524,176,1026396.0,0.38264291567283754,0.06561322643348123,1.922,1.5551,1.7851,1.9498,1.3794,1.7519,1.9839,1.4106,1.7263,21.7343,21.4909,0.0,0.73,0.0
50,2017,766623.34,91062.74,2713147,0.2825587187129927,332,1062685.0,0.3916798463186845,0.12236712570310418,1.968,1.6329,1.835,1.922,1.5551,1.7851,1.9498,1.3794,1.7519,21.7411,21.7343,0.0,0.76,0.0
50,2018,712686.89,133379.73,2748023,0.2593453147954002,540,1102395.0,0.4011593061630125,0.1965049055266277,2.1737,1.7123,1.8815,1.968,1.6329,1.835,1.922,1.5551,1.7851,22.8659,21.7411,0.0,0.79,26.0
50,2019,768148.2,108582.65,2778986,0.2764131233478686,1072,1143248.0,0.4113903416569929,0.385752213217339,2.0347,1.676,1.7841,2.1737,1.7123,1.8815,1.968,1.6329,1.835,21.6895,22.8659,0.0,0.8200000000000001,220.0
50,2020,697962.96,145726.61,2809394,0.2484389729600049,2178,1176597.0,0.4188081130663766,0.7752561584455581,2.0314,1.5565,1.6411,2.0347,1.676,1.7841,2.1737,1.7123,1.8815,23.0342,21.6895,0.0,0.8500000000000001,400.0
50,2021,676391.5,178373.46,2839188,0.23823413595718212,3891,1204437.0,0.4242188259460099,1.3704622589275526,2.4695,1.9141,1.9354,2.0314,1.5565,1.6411,2.0347,1.676,1.7841,23.38,23.0342,0.0,0.88,800.0
51,2006,364957.36,72465.48,2856999,0.12774150778491697,0,472769.0,0.1654774817912082,0.0,2.95,2.0,2.1,2.8364,1.7946,2.0319,2.6925,1.6787,1.8531,14.4761,17.5781,3.0,0.33,0.0
51,2007,347660.4,107203.41,2907367,0.11957912434171539,0,533682.0,0.18356196517329942,0.0,2.7762,1.4455,2.0103,2.95,2.0,2.1,2.8364,1.7946,2.0319,16.5455,14.4761,3.0,0.3666666666666667,0.0
51,2008,355889.16,276849.04,2957735,0.1203248972609108,0,621092.0,0.2099890625766,0.0,2.4859,1.2836,2.052,2.7762,1.4455,2.0103,2.95,2.0,2.1,19.3555,16.5455,3.0,0.4033333333333333,0.0
51,2009,354940.57,393940.62,3001692,0.11824683212001764,1,703645.0,0.2344161226401643,0.000333145439305565,2.3572,1.2479,1.9932,2.4859,1.2836,2.052,2.7762,1.4455,2.0103,19.0333,19.3555,3.0,0.44,0.0
51,2010,393806.62,416311.03,3038814,0.12959220932903429,2,788808.0,0.2595775852026481,0.0006581515025269727,2.2666,1.3992,1.8247,2.3572,1.2479,1.9932,2.4859,1.2836,2.052,18.5617,19.0333,3.0,0.4766666666666667,0.0
51,2011,488407.84,338644.59,3075936,0.15878348574222612,11,877320.0,0.28522049873599453,0.0035761472280307523,2.2204,1.5059,1.7364,2.2666,1.3992,1.8247,2.3572,1.2479,1.9932,20.7557,18.5617,0.0,0.5133333333333334,0.0
51,2012,593011.55,371859.1,3115336,0.1903523568565317,16,957334.0,0.30729719041541587,0.0051358826142669685,2.156,1.4373,1.6987,2.2204,1.5059,1.7364,2.2666,1.3992,1.8247,21.871,20.7557,0.0,0.55,0.0
51,2013,586942.4,488525.36,3182113,0.18445052077031834,39,1038733.0,0.3264286969067409,0.012256007250528186,2.07,1.3571,1.7615,2.156,1.4373,1.6987,2.2204,1.5059,1.7364,22.3042,21.871,0.0,0.5866666666666667,0.0
51,2014,662409.15,514044.56,3224357,0.20543914647168413,81,1115633.0,0.3460016989433862,0.02512128774822391,2.0032,1.3462,1.7778,2.07,1.3571,1.7615,2.156,1.4373,1.6987,23.1608,22.3042,0.0,0.6233333333333333,0.0
51,2015,565513.12,699298.94,3265486,0.17317885300993482,123,1176361.0,0.3602407114898058,0.037666675037038896,1.9731,1.2223,1.7926,2.0032,1.3462,1.7778,2.07,1.3571,1.7615,22.5592,23.1608,0.0,0.66,0.0
51,2016,616554.18,599949.58,3305531,0.18652197786074312,192,1228649.0,0.3716948956158632,0.05808446509804325,2.037,1.4128,1.8015,1.9731,1.2223,1.7926,2.0032,1.3462,1.7778,23.7746,22.5592,0.0,0.6966666666666668,0.0
51,2017,623823.98,674441.99,3344544,0.18651989030492647,355,1278541.0,0.3822766272472421,0.10614301979582269,2.0265,1.3138,1.8297,2.037,1.4128,1.8015,1.9731,1.2223,1.7926,23.2077,23.7746,0.0,0.7333333333333334,0.0
51,2018,521857.27,840622.76,3441998,0.1516146348719552,554,1342263.0,0.38996623472762043,0.16095302786346768,2.307,1.3945,1.9533,2.0265,1.3138,1.8297,2.037,1.4128,1.8015,23.3838,23.2077,0.0,0.77,26.0
51,2019,475309.09,1000070.52,3484466,0.13640801488664261,1136,1411147.0,0.4049822842294917,0.3260183913403087,2.2117,1.2828,1.9315,2.307,1.3945,1.9533,2.0265,1.3138,1.8297,22.9171,23.3838,0.0,0.8066666666666666,220.0
51,2020,501812.77,915611.4,3526220,0.1423089795872067,2528,1468532.0,0.41646068594699137,0.7169149967954354,2.0408,1.3355,1.7257,2.2117,1.2828,1.9315,2.307,1.3945,1.9533,26.7356,22.9171,0.0,0.8433333333333333,400.0
51,2021,610110.26,845394.53,3567234,0.17103174616523614,5083,1523317.0,0.42703029854503516,1.4249135324455866,2.4695,1.7774,2.0764,2.0408,1.3355,1.7257,2.2117,1.2828,1.9315,30.5406,26.7356,0.0,0.88,800.0
52,2006,890038.41,238581.38,5730753,0.15530915570781012,0,1147695.0,0.2002694933807128,0.0,2.58,1.69,1.85,2.4238,1.4955,1.7946,2.2783,1.4171,1.646,14.4279,13.7869,5.25,0.29,0.0
52,2007,880459.81,435305.54,5787874,0.1521214542680093,0,1285281.0,0.22206444024178826,0.0,2.422,1.3977,1.771,2.58,1.69,1.85,2.4238,1.4955,1.7946,15.437,14.4279,5.25,0.318,0.0
52,2008,921928.73,610591.29,5844995,0.15772960113738335,0,1446992.0,0.24756086189979631,0.0,2.269,1.4012,1.7989,2.422,1.3977,1.771,2.58,1.69,1.85,16.4064,15.437,5.25,0.346,0.0
52,2009,951247.64,773681.48,5926300,0.16051290687275366,1,1597040.0,0.26948348885476603,0.00016873934832863677,2.2445,1.3606,1.7332,2.269,1.4012,1.7989,2.422,1.3977,1.771,16.9901,16.4064,5.25,0.374,0.0
52,2010,1083507.32,851077.09,6003508,0.18047903325855486,2,1760836.0,0.2933011832415314,0.0003331385583229005,2.0866,1.3092,1.5792,2.2445,1.3606,1.7332,2.269,1.4012,1.7989,17.3461,16.9901,5.25,0.40199999999999997,0.0
52,2011,1256556.81,705069.38,6080716,0.20664619265231265,9,1931679.0,0.3176729516721386,0.001480088857956859,2.1897,1.5136,1.529,2.0866,1.3092,1.5792,2.2445,1.3606,1.7332,18.4158,17.3461,3.78,0.43,0.0
52,2012,1446209.17,688742.69,6154996,0.234965086898513,14,2101170.0,0.3413763388310894,0.0022745749956620607,2.0108,1.3793,1.5099,2.1897,1.5136,1.529,2.0866,1.3092,1.5792,19.2811,18.4158,3.78,0.45799999999999996,0.0
52,2013,1529630.01,852546.53,6434048,0.23773991272679346,33,2256112.0,0.35065203119404764,0.005128963911988223,1.9877,1.3366,1.5833,2.0108,1.3793,1.5099,2.1897,1.5136,1.529,18.7081,19.2811,3.78,0.486,0.0
52,2014,1639888.52,926225.81,6523222,0.2513924131357173,65,2391176.0,0.36656363986999063,0.009964401027590353,1.9968,1.3784,1.6425,1.9877,1.3366,1.5833,2.0108,1.3793,1.5099,18.6608,18.7081,3.78,0.514,0.0
52,2015,1469880.46,1240762.2,6610681,0.22234932528131368,98,2490651.0,0.3767616377193212,0.01482449387589569,1.9847,1.3328,1.6646,1.9968,1.3784,1.6425,1.9877,1.3366,1.5833,18.0126,18.6608,3.78,0.542,0.0
52,2016,1531089.1,1058503.03,6695855,0.22866222461507904,139,2562366.0,0.38267943376910046,0.02075911142042353,2.0863,1.5168,1.6537,1.9847,1.3328,1.6646,1.9968,1.3784,1.6425,17.2204,18.0126,3.78,0.5700000000000001,0.0
52,2017,1559199.29,1021975.22,6778772,0.23001205675600242,265,2636475.0,0.3889310630302952,0.03909262621607571,2.085,1.484,1.6914,2.0863,1.5168,1.6537,1.9847,1.3328,1.6646,17.3271,17.2204,3.78,0.598,0.0
52,2018,1223071.02,1516564.95,6921161,0.17671471881668407,392,2722000.0,0.39328661766429074,0.05663789644540851,2.3634,1.5072,1.8353,2.085,1.484,1.6914,2.0863,1.5168,1.6537,16.5568,17.3271,3.78,0.626,26.0
52,2019,1141131.4,1752876.3,7018354,0.16259245401414632,828,2809918.0,0.40036709462076153,0.11797638021678587,2.2215,1.4646,1.7841,2.3634,1.5072,1.8353,2.085,1.484,1.6914,16.7057,16.5568,3.78,0.6539999999999999,220.0
52,2020,1131572.92,1557748.92,7113540,0.15907310846638945,1572,2894131.0,0.40684820778402875,0.22098701912128138,2.0831,1.4154,1.6317,2.2215,1.4646,1.7841,2.3634,1.5072,1.8353,16.6266,16.7057,3.78,0.6819999999999999,400.0
52,2021,1278601.23,1474010.28,7206589,0.1774211391824898,2906,2979737.0,0.41347397499704786,0.4032420885942018,2.5934,1.8842,1.9953,2.0831,1.4154,1.6317,2.2215,1.4646,1.7841,17.4647,16.6266,3.78,0.71,800.0
53,2006,736015.53,80855.56,2383784,0.3087593213143473,0,756665.0,0.3174217966057327,0.0,2.6,1.91,1.88,2.4032,1.7121,1.805,2.2783,1.6133,1.6678,47.8454,46.6913,13.0,0.25,0.0
53,2007,731690.26,150221.38,2470472,0.29617427762791887,0,827799.0,0.3350772645874958,0.0,2.4603,1.6178,1.7902,2.6,1.91,1.88,2.4032,1.7121,1.805,48.6769,47.8454,13.0,0.2846666666666667,0.0
53,2008,773089.44,174775.87,2557159,0.3023235708065083,1,896907.0,0.3507435399988816,0.00039105898381758817,2.3051,1.6543,1.817,2.4603,1.6178,1.7902,2.6,1.91,1.88,50.1872,48.6769,13.0,0.31933333333333336,0.0
53,2009,761670.98,239353.89,2606885,0.2921766706241357,3,972823.0,0.37317449753249565,0.0011507987502325573,2.3225,1.5946,1.7506,2.3051,1.6543,1.817,2.4603,1.6178,1.7902,51.7077,50.1872,13.0,0.354,0.0
53,2010,899566.91,134134.6,2608442,0.3448675147846876,6,1048617.0,0.4020089386691366,0.00230022365841372,2.2175,1.6447,1.6529,2.3225,1.5946,1.7506,2.3051,1.6543,1.817,55.4074,51.7077,13.0,0.38866666666666666,0.0
53,2011,1002018.08,84019.78,2609998,0.38391526736802095,29,1115084.0,0.42723557642572907,0.011111119625379024,2.1743,1.6903,1.5904,2.2175,1.6447,1.6529,2.3225,1.5946,1.7506,54.6738,55.4074,0.0,0.42333333333333334,0.0
53,2012,1079078.0,58133.63,2648532,0.4074249433270959,40,1185277.0,0.4475222500615435,0.015102705951825389,2.0616,1.6406,1.5027,2.1743,1.6903,1.5904,2.2175,1.6447,1.6529,52.9918,54.6738,0.0,0.45799999999999996,0.0
53,2013,1123062.26,78017.27,2789761,0.40256576100963487,89,1253907.0,0.44946753503257086,0.03190237443279191,2.0425,1.5628,1.6381,2.0616,1.6406,1.5027,2.1743,1.6903,1.5904,50.1638,52.9918,0.0,0.49266666666666664,0.0
53,2014,1172428.68,73914.06,2852372,0.41103638655827496,179,1308983.0,0.45891033848319923,0.0627547879449104,2.0097,1.5974,1.649,2.0425,1.5628,1.6381,2.0616,1.6406,1.5027,51.0599,50.1638,0.0,0.5273333333333333,0.0
53,2015,1122267.15,112377.1,2914830,0.3850197610152221,278,1355340.0,0.4649808050555264,0.09537434430138293,2.0604,1.6006,1.6995,2.0097,1.5974,1.649,2.0425,1.5628,1.6381,50.7287,51.0599,0.0,0.562,0.0
53,2016,1199588.7,42982.15,2977216,0.40292296561619984,406,1390951.0,0.46719855059223114,0.13636901051183387,2.0206,1.7194,1.7413,2.0604,1.6006,1.6995,2.0097,1.5974,1.649,50.1888,50.7287,0.0,0.5966666666666667,0.0
53,2017,1266124.91,41289.32,3039444,0.4165646447179155,754,1429034.0,0.4701629640157871,0.2480716867953481,1.9946,1.7286,1.7712,2.0206,1.7194,1.7413,2.0604,1.6006,1.6995,49.2689,50.1888,0.0,0.6313333333333333,0.0
53,2018,1090790.63,167629.38,2974703,0.36668891986863894,1189,1473183.0,0.4952370034924495,0.3997037687459891,2.2814,1.7533,1.8764,1.9946,1.7286,1.7712,2.0206,1.7194,1.7413,50.1636,49.2689,0.0,0.6659999999999999,26.0
53,2019,1123114.42,177843.81,3015268,0.37247581972813026,2527,1524887.0,0.505721879448195,0.8380681252877025,2.1085,1.5924,1.8283,2.2814,1.7533,1.8764,1.9946,1.7286,1.7712,50.9855,50.1636,0.0,0.7006666666666667,220.0
53,2020,946625.38,149771.1,3055149,0.30984589622306474,4343,1558113.0,0.5099957481615462,1.421534596184998,1.975,1.5329,1.6411,2.1085,1.5924,1.8283,2.2814,1.7533,1.8764,45.9196,50.9855,0.0,0.7353333333333333,400.0
53,2021,985314.35,115540.94,3094325,0.3184262642094802,7204,1582892.0,0.511546783224128,2.3281329530673087,2.5592,2.1149,1.9867,1.975,1.5329,1.6411,2.1085,1.5924,1.8283,43.2871,45.9196,0.0,0.77,800.0
